UTCDateTime,mac_address,firmware_ver,hardware,current_temp_f,current_humidity,current_dewpoint_f,pressure,adc,mem,rssi,uptime,pm1_0_atm,pm2_5_atm,pm10_0_atm,pm1_0_cf_1,pm2_5_cf_1,pm10_0_cf_1,p_0_3_um,p_0_5_um,p_1_0_um,p_2_5_um,p_5_0_um,p_10_0_um,pm1_0_atm_b,pm2_5_atm_b,pm10_0_atm_b,pm1_0_cf_1_b,pm2_5_cf_1_b,pm10_0_cf_1_b,p_0_3_um_b,p_0_5_um_b,p_1_0_um_b,p_2_5_um_b,p_5_0_um_b,p_10_0_um_b
2018/10/22T17:52:21z,68:c6:3a:89:1d:5b,2.50i,2.0+OPENLOG+15962 MB+DS3231+BME280+PMSX003A+PMSX003B,90,12,30.59,851.66,0.01,29672,31,2097,2.20,2.45,2.45,2.20,2.45,2.45,487.98,148.91,14.75,0.34,0.43,0.36,2.40,2.74,3.05,2.40,2.74,3.05,533.43,164.31,16.19,0.57,0.38,0.29
2018/10/22T17:53:41z,68:c6:3a:89:1d:5b,2.50i,2.0+OPENLOG+15962 MB+DS3231+BME280+PMSX003A+PMSX003B,86,13,29.44,851.68,0.01,30128,31,2177,2.23,3.43,3.64,2.23,3.43,3.64,565.64,165.32,17.14,1.45,0.34,0.36,2.58,3.24,3.24,2.58,3.24,3.24,567.32,174.92,15.97,0.42,0.38,0.29
2018/10/22T17:55:01z,68:c6:3a:89:1d:5b,2.50i,2.0+OPENLOG+15962 MB+DS3231+BME280+PMSX003A+PMSX003B,87,13,30.22,851.56,0.01,30128,31,2257,1.80,2.76,2.98,1.80,2.76,2.98,517.00,149.91,19.62,0.78,0.24,0.36,1.95,2.54,2.73,1.95,2.54,2.73,464.51,143.46,14.22,0.59,0.27,0.27
2018/10/22T17:56:49z,68:c6:3a:89:1d:5b,2.50i,2.0+OPENLOG+15962 MB+DS3231+BME280+PMSX003A+PMSX003B,87,13,30.22,851.59,0.01,29672,31,28,2.00,2.00,2.00,2.00,2.00,2.00,0.00,0.00,0.00,0.00,0.00,0.00,1.00,1.00,1.00,1.00,1.00,1.00,0.00,0.00,0.00,0.00,0.00,0.00
2018/10/22T17:58:08z,68:c6:3a:89:1d:5b,2.50i,2.0+OPENLOG+15962 MB+DS3231+BME280+PMSX003A+PMSX003B,87,13,30.22,851.54,0.01,30128,31,107,1.30,1.82,1.95,1.30,1.82,1.95,409.43,125.30,15.09,0.93,0.43,0.00,1.59,2.19,2.19,1.59,2.19,2.19,442.62,138.32,17.32,0.00,0.00,0.00
2018/10/22T17:59:28z,68:c6:3a:89:1d:5b,2.50i,2.0+OPENLOG+15962 MB+DS3231+BME280+PMSX003A+PMSX003B,87,13,30.22,851.57,0.01,29848,31,187,1.70,1.98,2.11,1.70,1.98,2.11,463.64,136.73,11.93,0.36,0.36,0.00,1.57,2.14,2.14,1.57,2.14,2.14,453.24,140.51,15.57,0.30,0.00,0.00
2018/10/22T18:00:49z,68:c6:3a:89:1d:5b,2.50i,2.0+OPENLOG+15962 MB+DS3231+BME280+PMSX003A+PMSX003B,86,12,27.49,851.58,0.01,29696,31,267,1.66,1.95,2.23,1.66,1.95,2.23,444.27,131.68,14.82,0.70,0.32,0.00,1.57,2.27,2.35,1.57,2.27,2.35,467.76,143.35,11.81,0.97,0.22,0.00
2018/10/22T18:02:09z,68:c6:3a:89:1d:5b,2.50i,2.0+OPENLOG+15962 MB+DS3231+BME280+PMSX003A+PMSX003B,86,13,29.44,851.52,0.01,30128,31,347,1.73,2.48,2.61,1.73,2.48,2.61,484.16,144.39,18.23,0.57,0.25,0.25,1.89,2.37,2.37,1.89,2.37,2.37,435.79,131.63,12.68,0.66,0.22,0.00
2018/10/22T18:03:29z,68:c6:3a:89:1d:5b,2.50i,2.0+OPENLOG+15962 MB+DS3231+BME280+PMSX003A+PMSX003B,86,13,29.44,851.49,0.01,30128,31,427,1.89,2.27,2.27,1.89,2.27,2.27,454.23,133.34,11.98,0.27,0.02,0.02,2.13,2.68,2.68,2.13,2.68,2.68,535.42,162.37,13.92,0.39,0.22,0.00
2018/10/22T18:04:49z,68:c6:3a:89:1d:5b,2.50i,2.0+OPENLOG+15962 MB+DS3231+BME280+PMSX003A+PMSX003B,86,13,29.44,851.53,0.01,30128,31,507,1.68,2.41,2.82,1.68,2.41,2.82,485.05,147.86,15.30,1.86,0.68,0.02,2.08,2.49,2.49,2.08,2.49,2.49,484.95,148.22,11.54,0.30,0.22,0.00
2018/10/22T18:06:09z,68:c6:3a:89:1d:5b,2.50i,2.0+OPENLOG+15962 MB+DS3231+BME280+PMSX003A+PMSX003B,86,13,29.44,851.45,0.01,29696,31,587,1.61,2.57,2.91,1.61,2.57,2.91,471.34,137.80,20.30,1.84,0.41,0.02,2.24,2.82,3.13,2.24,2.82,3.13,491.53,153.89,14.39,1.00,0.74,0.00
2018/10/22T18:07:29z,68:c6:3a:89:1d:5b,2.50i,2.0+OPENLOG+15962 MB+DS3231+BME280+PMSX003A+PMSX003B,86,13,29.44,851.49,0.01,29488,31,667,1.44,1.86,1.86,1.44,1.86,1.86,419.30,126.37,14.14,0.23,0.41,0.02,2.42,2.97,3.32,2.42,2.97,3.32,499.18,154.08,15.00,0.37,0.37,0.37
2018/10/22T18:08:49z,68:c6:3a:89:1d:5b,2.50i,2.0+OPENLOG+15962 MB+DS3231+BME280+PMSX003A+PMSX003B,86,13,29.44,851.45,0.01,30128,31,747,1.70,1.82,1.82,1.70,1.82,1.82,442.30,135.75,11.25,0.07,0.41,0.02,1.89,2.44,2.44,1.89,2.44,2.44,506.75,158.03,13.72,0.37,0.37,0.37
2018/10/22T18:10:09z,68:c6:3a:89:1d:5b,2.50i,2.0+OPENLOG+15962 MB+DS3231+BME280+PMSX003A+PMSX003B,86,13,29.44,851.52,0.01,30128,31,827,2.34,3.27,3.27,2.34,3.27,3.27,532.50,163.27,18.52,1.14,0.41,0.02,1.64,2.41,2.74,1.64,2.41,2.74,503.31,156.26,13.44,1.00,0.69,0.37
2018/10/22T18:11:29z,68:c6:3a:89:1d:5b,2.50i,2.0+OPENLOG+15962 MB+DS3231+BME280+PMSX003A+PMSX003B,86,13,29.44,851.43,0.01,29696,31,907,2.36,2.73,2.73,2.36,2.73,2.73,511.02,148.77,21.23,0.84,0.41,0.02,1.79,1.97,1.97,1.79,1.97,1.97,435.39,133.16,15.32,0.32,0.69,0.37
2018/10/22T18:12:49z,68:c6:3a:89:1d:5b,2.50i,2.0+OPENLOG+15962 MB+DS3231+BME280+PMSX003A+PMSX003B,86,14,31.27,851.35,0.01,29696,31,987,2.33,3.14,3.14,2.33,3.14,3.14,520.81,156.60,18.30,1.98,0.42,0.02,1.61,2.11,2.32,1.61,2.11,2.32,465.79,143.74,8.05,1.47,0.37,0.37
2018/10/22T18:14:09z,68:c6:3a:89:1d:5b,2.50i,2.0+OPENLOG+15962 MB+DS3231+BME280+PMSX003A+PMSX003B,86,14,31.27,851.52,0.01,30128,31,1067,1.64,2.59,2.80,1.64,2.59,2.80,490.02,150.27,20.57,0.73,0.32,0.02,1.66,2.18,2.18,1.66,2.18,2.18,411.95,125.50,14.11,1.47,0.37,0.37
2018/10/22T18:15:29z,68:c6:3a:89:1d:5b,2.50i,2.0+OPENLOG+15962 MB+DS3231+BME280+PMSX003A+PMSX003B,86,14,31.27,851.43,0.01,30128,31,1147,1.84,1.89,1.89,1.84,1.89,1.89,479.80,142.56,11.31,0.02,0.32,0.02,1.76,2.38,2.38,1.76,2.38,2.38,512.35,154.43,11.54,1.47,0.37,0.37
2018/10/22T18:16:49z,68:c6:3a:89:1d:5b,2.50i,2.0+OPENLOG+15962 MB+DS3231+BME280+PMSX003A+PMSX003B,86,13,29.44,851.37,0.01,29592,31,1227,1.65,2.47,2.47,1.65,2.47,2.47,484.19,146.33,16.93,0.26,0.32,0.02,1.05,1.77,2.51,1.05,1.77,2.51,429.69,135.46,14.67,2.15,1.38,0.46
2018/10/22T18:18:09z,68:c6:3a:89:1d:5b,2.50i,2.0+OPENLOG+15962 MB+DS3231+BME280+PMSX003A+PMSX003B,86,13,29.44,851.39,0.01,29696,31,1307,1.66,2.57,2.77,1.66,2.57,2.77,454.84,135.91,20.25,0.84,0.39,0.02,1.57,2.00,2.24,1.57,2.00,2.24,403.86,126.49,13.38,0.32,0.32,0.46
2018/10/22T18:19:29z,68:c6:3a:89:1d:5b,2.50i,2.0+OPENLOG+15962 MB+DS3231+BME280+PMSX003A+PMSX003B,86,13,29.44,851.37,0.01,30128,31,1387,1.25,1.52,1.52,1.25,1.52,1.52,450.20,137.30,10.18,0.25,0.39,0.02,1.84,2.87,2.87,1.84,2.87,2.87,489.95,150.29,17.58,1.13,0.32,0.46
2018/10/22T18:20:49z,68:c6:3a:89:1d:5b,2.50i,2.0+OPENLOG+15962 MB+DS3231+BME280+PMSX003A+PMSX003B,86,13,29.44,851.36,0.01,30128,31,1467,1.18,1.68,2.02,1.18,1.68,2.02,424.50,124.91,14.75,0.66,0.41,0.41,2.00,3.05,3.05,2.00,3.05,3.05,445.74,137.76,24.92,1.08,0.32,0.46
2018/10/22T18:22:09z,68:c6:3a:89:1d:5b,2.50i,2.0+OPENLOG+15962 MB+DS3231+BME280+PMSX003A+PMSX003B,86,13,29.44,851.38,0.01,29848,31,1547,1.59,2.32,2.73,1.59,2.32,2.73,457.23,138.84,14.16,1.25,0.41,0.41,1.54,2.24,2.24,1.54,2.24,2.24,432.24,130.19,10.05,0.43,0.32,0.46
2018/10/22T18:23:29z,68:c6:3a:89:1d:5b,2.50i,2.0+OPENLOG+15962 MB+DS3231+BME280+PMSX003A+PMSX003B,86,13,29.44,851.34,0.01,29696,31,1627,1.55,1.86,1.86,1.55,1.86,1.86,437.80,133.16,13.00,0.30,0.41,0.41,2.13,3.03,3.03,2.13,3.03,3.03,484.62,150.49,13.08,1.08,0.32,0.46
2018/10/22T18:24:49z,68:c6:3a:89:1d:5b,2.50i,2.0+OPENLOG+15962 MB+DS3231+BME280+PMSX003A+PMSX003B,87,13,30.22,851.34,0.01,30128,31,1707,1.70,1.95,1.95,1.70,1.95,1.95,444.34,130.07,15.59,0.30,0.41,0.41,1.57,2.16,2.16,1.57,2.16,2.16,423.97,131.00,10.78,0.68,0.32,0.46
2018/10/22T18:26:09z,68:c6:3a:89:1d:5b,2.50i,2.0+OPENLOG+15962 MB+DS3231+BME280+PMSX003A+PMSX003B,87,13,30.22,851.34,0.01,30128,31,1787,1.86,2.61,2.61,1.86,2.61,2.61,503.52,151.11,15.11,0.30,0.41,0.41,1.35,1.76,2.16,1.35,1.76,2.16,424.62,131.32,15.08,0.86,0.41,0.41
2018/10/22T18:27:29z,68:c6:3a:89:1d:5b,2.50i,2.0+OPENLOG+15962 MB+DS3231+BME280+PMSX003A+PMSX003B,87,12,28.26,851.29,0.01,30128,31,1867,1.66,2.23,2.39,1.66,2.23,2.39,486.82,141.64,18.45,0.41,0.41,0.41,1.11,1.63,1.66,1.11,1.63,1.66,436.89,137.00,10.66,0.50,0.03,0.41
2018/10/22T18:28:49z,68:c6:3a:89:1d:5b,2.50i,2.0+OPENLOG+15962 MB+DS3231+BME280+PMSX003A+PMSX003B,88,12,29.04,851.31,0.01,29696,31,1947,1.73,2.00,2.00,1.73,2.00,2.00,457.70,136.34,13.82,0.41,0.41,0.41,1.14,1.92,1.92,1.14,1.92,1.92,437.19,134.41,13.57,0.84,0.08,0.41
2018/10/22T18:30:09z,68:c6:3a:89:1d:5b,2.50i,2.0+OPENLOG+15962 MB+DS3231+BME280+PMSX003A+PMSX003B,88,12,29.04,851.30,0.01,29672,31,2027,0.77,1.30,1.30,0.77,1.30,1.30,359.25,103.86,10.34,0.32,0.41,0.41,1.41,1.68,1.95,1.41,1.68,1.95,398.11,123.32,13.54,0.30,0.30,0.30
2018/10/22T18:31:29z,68:c6:3a:89:1d:5b,2.50i,2.0+OPENLOG+15962 MB+DS3231+BME280+PMSX003A+PMSX003B,88,13,31.01,851.23,0.01,30128,31,2107,1.18,1.45,1.45,1.18,1.45,1.45,405.14,120.25,12.41,0.70,0.41,0.41,1.68,2.71,2.76,1.68,2.71,2.76,453.87,138.61,17.58,1.21,0.50,0.30
2018/10/22T18:32:49z,68:c6:3a:89:1d:5b,2.50i,2.0+OPENLOG+15962 MB+DS3231+BME280+PMSX003A+PMSX003B,88,12,29.04,851.22,0.01,30128,31,2187,0.95,1.68,1.68,0.95,1.68,1.68,415.36,117.41,9.11,0.59,0.41,0.41,1.54,2.76,2.97,1.54,2.76,2.97,501.89,149.57,18.86,1.76,0.38,0.30
2018/10/22T18:34:09z,68:c6:3a:89:1d:5b,2.50i,2.0+OPENLOG+15962 MB+DS3231+BME280+PMSX003A+PMSX003B,88,12,29.04,851.19,0.01,29592,31,2267,1.80,1.91,2.25,1.80,1.91,2.25,442.84,132.57,12.36,0.98,0.34,0.41,1.43,1.70,1.70,1.43,1.70,1.70,400.30,125.57,10.57,0.22,0.38,0.30
2018/10/22T18:35:53z,68:c6:3a:89:1d:5b,2.50i,2.0+OPENLOG+15962 MB+DS3231+BME280+PMSX003A+PMSX003B,89,12,29.81,851.18,0.01,29672,31,24,4.00,4.00,4.00,4.00,4.00,4.00,0.00,0.00,0.00,0.00,0.00,0.00,1.00,1.00,1.00,1.00,1.00,1.00,0.00,0.00,0.00,0.00,0.00,0.00
2018/10/22T18:37:06z,68:c6:3a:89:1d:5b,2.50i,2.0+OPENLOG+15962 MB+DS3231+BME280+PMSX003A+PMSX003B,89,12,29.81,851.12,0.01,30128,31,97,1.54,2.00,2.21,1.54,2.00,2.21,441.77,134.51,10.64,0.95,0.28,0.00,1.23,2.00,2.00,1.23,2.00,2.00,463.54,139.54,17.86,0.00,0.00,0.00
2018/10/22T18:38:26z,68:c6:3a:89:1d:5b,2.50i,2.0+OPENLOG+15962 MB+DS3231+BME280+PMSX003A+PMSX003B,89,12,29.81,851.13,0.01,30128,31,177,2.05,2.61,3.20,2.05,2.61,3.20,487.98,146.18,20.14,0.89,0.89,0.00,1.84,2.24,2.29,1.84,2.24,2.29,407.29,129.26,13.21,1.13,0.05,0.00
2018/10/22T18:39:46z,68:c6:3a:89:1d:5b,2.50i,2.0+OPENLOG+15962 MB+DS3231+BME280+PMSX003A+PMSX003B,89,12,29.81,850.90,0.01,30128,31,257,1.75,2.45,2.45,1.75,2.45,2.45,465.41,142.11,16.57,0.25,0.89,0.00,1.08,1.84,1.92,1.08,1.84,1.92,412.05,126.46,18.32,0.62,0.32,0.00
2018/10/22T18:41:06z,68:c6:3a:89:1d:5b,2.50i,2.0+OPENLOG+15962 MB+DS3231+BME280+PMSX003A+PMSX003B,89,12,29.81,851.08,0.01,29408,31,337,1.91,2.55,2.55,1.91,2.55,2.55,468.48,142.14,15.25,1.09,0.89,0.00,1.05,1.43,1.43,1.05,1.43,1.43,465.73,142.81,12.92,0.32,0.32,0.00
2018/10/22T18:42:26z,68:c6:3a:89:1d:5b,2.50i,2.0+OPENLOG+15962 MB+DS3231+BME280+PMSX003A+PMSX003B,90,12,30.59,851.04,0.01,29696,31,417,1.59,3.02,3.02,1.59,3.02,3.02,468.00,140.30,18.82,1.30,0.89,0.00,2.11,2.74,2.74,2.11,2.74,2.74,530.21,163.89,14.39,0.92,0.32,0.00
2018/10/22T18:43:46z,68:c6:3a:89:1d:5b,2.50i,2.0+OPENLOG+15962 MB+DS3231+BME280+PMSX003A+PMSX003B,89,12,29.81,851.01,0.01,30128,31,497,1.84,2.00,2.41,1.84,2.00,2.41,418.09,132.70,15.55,0.66,0.41,0.00,1.81,2.30,2.30,1.81,2.30,2.30,500.59,157.41,12.86,0.92,0.32,0.00
2018/10/22T18:45:06z,68:c6:3a:89:1d:5b,2.50i,2.0+OPENLOG+15962 MB+DS3231+BME280+PMSX003A+PMSX003B,90,12,30.59,851.02,0.01,30128,31,577,1.53,1.78,1.78,1.53,1.78,1.78,436.73,131.60,17.51,0.66,0.41,0.00,1.70,2.35,2.78,1.70,2.35,2.78,456.00,140.59,10.30,0.49,0.49,0.00
2018/10/22T18:46:26z,68:c6:3a:89:1d:5b,2.50i,2.0+OPENLOG+15962 MB+DS3231+BME280+PMSX003A+PMSX003B,90,11,28.45,851.01,0.01,29848,31,657,1.25,1.86,1.95,1.25,1.86,1.95,448.16,133.66,17.77,0.52,0.25,0.00,1.59,2.03,2.03,1.59,2.03,2.03,449.43,137.59,15.16,0.41,0.49,0.00
2018/10/22T18:47:46z,68:c6:3a:89:1d:5b,2.50i,2.0+OPENLOG+15962 MB+DS3231+BME280+PMSX003A+PMSX003B,90,11,28.45,851.01,0.01,29696,31,737,0.72,1.47,1.47,0.72,1.47,1.47,352.88,106.95,13.33,1.12,0.25,0.00,1.24,2.05,2.05,1.24,2.05,2.05,387.95,119.11,11.71,0.45,0.49,0.00
2018/10/22T18:49:06z,68:c6:3a:89:1d:5b,2.50i,2.0+OPENLOG+15962 MB+DS3231+BME280+PMSX003A+PMSX003B,89,12,29.81,850.87,0.01,30128,31,817,1.39,1.66,1.66,1.39,1.66,1.66,380.45,114.82,7.61,0.09,0.25,0.00,0.97,1.79,1.87,0.97,1.79,1.87,348.95,105.00,12.00,0.55,0.16,0.00
2018/10/22T18:50:26z,68:c6:3a:89:1d:5b,2.50i,2.0+OPENLOG+15962 MB+DS3231+BME280+PMSX003A+PMSX003B,90,11,28.45,850.97,0.01,30128,31,897,1.59,2.34,2.68,1.59,2.34,2.68,446.05,136.34,14.86,1.11,0.34,0.34,1.56,1.97,1.97,1.56,1.97,1.97,409.17,123.39,14.22,0.08,0.16,0.00
2018/10/22T18:51:46z,68:c6:3a:89:1d:5b,2.50i,2.0+OPENLOG+15962 MB+DS3231+BME280+PMSX003A+PMSX003B,90,11,28.45,850.94,0.01,29848,31,977,1.00,1.86,1.86,1.00,1.86,1.86,377.11,114.50,17.73,0.82,0.34,0.34,1.61,2.50,2.50,1.61,2.50,2.50,466.11,145.79,13.45,0.08,0.16,0.00
2018/10/22T18:53:06z,68:c6:3a:89:1d:5b,2.50i,2.0+OPENLOG+15962 MB+DS3231+BME280+PMSX003A+PMSX003B,91,11,29.22,850.94,0.01,29696,31,1057,0.84,1.00,1.25,0.84,1.00,1.25,342.27,102.61,8.18,0.25,0.25,0.34,1.50,2.11,2.11,1.50,2.11,2.11,347.84,112.61,13.24,0.34,0.16,0.00
2018/10/22T18:54:26z,68:c6:3a:89:1d:5b,2.50i,2.0+OPENLOG+15962 MB+DS3231+BME280+PMSX003A+PMSX003B,91,11,29.22,850.89,0.01,30128,31,1137,1.09,1.82,2.25,1.09,1.82,2.25,405.75,119.23,13.25,1.00,0.43,0.43,2.03,2.19,2.49,2.03,2.19,2.49,460.70,141.81,11.76,0.43,0.43,0.00
2018/10/22T18:55:46z,68:c6:3a:89:1d:5b,2.50i,2.0+OPENLOG+15962 MB+DS3231+BME280+PMSX003A+PMSX003B,90,11,28.45,850.89,0.01,29824,31,1217,1.36,1.98,1.98,1.36,1.98,1.98,414.34,123.82,11.52,1.00,0.43,0.43,1.30,2.38,2.38,1.30,2.38,2.38,446.27,132.03,18.46,1.46,0.43,0.00
2018/10/22T18:57:06z,68:c6:3a:89:1d:5b,2.50i,2.0+OPENLOG+15962 MB+DS3231+BME280+PMSX003A+PMSX003B,90,11,28.45,850.87,0.01,30128,31,1297,1.61,1.84,1.84,1.61,1.84,1.84,413.45,130.30,14.98,0.25,0.43,0.43,1.76,2.47,2.47,1.76,2.47,2.47,435.24,135.11,17.63,0.29,0.43,0.00
2018/10/22T18:58:26z,68:c6:3a:89:1d:5b,2.50i,2.0+OPENLOG+15962 MB+DS3231+BME280+PMSX003A+PMSX003B,91,11,29.22,850.87,0.01,29696,31,1377,1.75,2.20,2.20,1.75,2.20,2.20,471.55,139.70,11.75,0.36,0.43,0.43,1.89,2.03,2.03,1.89,2.03,2.03,408.81,127.95,8.86,0.30,0.43,0.00
2018/10/22T18:59:46z,68:c6:3a:89:1d:5b,2.50i,2.0+OPENLOG+15962 MB+DS3231+BME280+PMSX003A+PMSX003B,91,11,29.22,850.86,0.01,30128,31,1457,1.86,2.41,2.41,1.86,2.41,2.41,458.39,138.14,14.50,0.36,0.43,0.43,2.08,2.47,2.47,2.08,2.47,2.47,455.25,142.69,10.19,0.39,0.43,0.00
2018/10/22T19:01:06z,68:c6:3a:89:1d:5b,2.50i,2.0+OPENLOG+15962 MB+DS3231+BME280+PMSX003A+PMSX003B,90,11,28.45,850.86,0.01,30128,31,1537,1.07,1.57,1.57,1.07,1.57,1.57,375.00,117.18,14.61,0.36,0.43,0.43,1.95,2.35,2.51,1.95,2.35,2.51,447.32,138.05,13.68,0.57,0.30,0.00
2018/10/22T19:02:26z,68:c6:3a:89:1d:5b,2.50i,2.0+OPENLOG+15962 MB+DS3231+BME280+PMSX003A+PMSX003B,90,11,28.45,850.85,0.01,30128,31,1617,1.60,2.40,2.40,1.60,2.40,2.40,464.00,142.31,16.80,0.64,0.43,0.43,1.58,2.24,2.24,1.58,2.24,2.24,461.29,144.58,12.61,0.29,0.30,0.00
2018/10/22T19:03:46z,68:c6:3a:89:1d:5b,2.50i,2.0+OPENLOG+15962 MB+DS3231+BME280+PMSX003A+PMSX003B,91,11,29.22,850.84,0.01,29696,31,1697,1.93,2.30,2.30,1.93,2.30,2.30,442.50,134.14,13.80,0.75,0.43,0.43,1.74,2.66,2.66,1.74,2.66,2.66,474.00,143.24,14.42,1.13,0.30,0.00
2018/10/22T19:05:06z,68:c6:3a:89:1d:5b,2.50i,2.0+OPENLOG+15962 MB+DS3231+BME280+PMSX003A+PMSX003B,91,11,29.22,850.87,0.01,29696,31,1777,1.84,2.43,2.52,1.84,2.43,2.52,473.39,140.61,16.91,1.32,0.32,0.43,1.17,1.83,1.83,1.17,1.83,1.83,430.25,131.56,9.97,1.13,0.30,0.00
2018/10/22T19:06:26z,68:c6:3a:89:1d:5b,2.50i,2.0+OPENLOG+15962 MB+DS3231+BME280+PMSX003A+PMSX003B,91,11,29.22,850.89,0.01,30128,31,1857,1.78,2.44,2.44,1.78,2.44,2.44,464.73,138.51,15.98,0.33,0.32,0.43,1.45,1.82,1.82,1.45,1.82,1.82,415.82,125.66,10.82,0.71,0.30,0.00
2018/10/22T19:07:46z,68:c6:3a:89:1d:5b,2.50i,2.0+OPENLOG+15962 MB+DS3231+BME280+PMSX003A+PMSX003B,90,11,28.45,850.88,0.01,30128,31,1937,1.41,1.98,2.41,1.41,1.98,2.41,405.34,123.86,14.25,1.34,0.64,0.43,1.65,2.22,2.22,1.65,2.22,2.22,504.08,155.65,14.65,0.71,0.30,0.00
2018/10/22T19:09:06z,68:c6:3a:89:1d:5b,2.50i,2.0+OPENLOG+15962 MB+DS3231+BME280+PMSX003A+PMSX003B,90,11,28.45,850.79,0.01,29848,31,2017,2.00,2.82,2.82,2.00,2.82,2.82,501.68,150.11,16.89,0.73,0.64,0.43,1.14,1.73,1.97,1.14,1.73,1.97,411.65,126.32,11.86,1.00,0.35,0.00
2018/10/22T19:10:26z,68:c6:3a:89:1d:5b,2.50i,2.0+OPENLOG+15962 MB+DS3231+BME280+PMSX003A+PMSX003B,91,11,29.22,850.81,0.01,29408,31,2097,1.77,1.86,1.86,1.77,1.86,1.86,411.95,125.39,10.43,0.64,0.64,0.43,2.00,2.65,2.65,2.00,2.65,2.65,484.46,147.92,14.89,0.38,0.35,0.00
2018/10/22T19:11:46z,68:c6:3a:89:1d:5b,2.50i,2.0+OPENLOG+15962 MB+DS3231+BME280+PMSX003A+PMSX003B,91,11,29.22,850.78,0.01,30128,31,2177,1.52,2.32,2.32,1.52,2.32,2.32,458.59,140.02,16.30,0.25,0.64,0.43,1.82,2.18,2.42,1.82,2.18,2.42,441.55,138.84,11.00,1.00,0.39,0.00
2018/10/22T19:13:06z,68:c6:3a:89:1d:5b,2.50i,2.0+OPENLOG+15962 MB+DS3231+BME280+PMSX003A+PMSX003B,91,11,29.22,850.79,0.01,30128,31,2257,1.75,2.27,2.34,1.75,2.27,2.34,491.18,147.86,16.80,0.25,0.25,0.43,1.62,2.00,2.00,1.62,2.00,2.00,415.62,124.14,11.43,1.00,0.39,0.00
2018/10/22T19:14:51z,68:c6:3a:89:1d:5b,2.50i,2.0+OPENLOG+15962 MB+DS3231+BME280+PMSX003A+PMSX003B,91,10,26.90,850.67,0.01,29672,31,24,0.50,0.50,0.50,0.50,0.50,0.50,0.00,0.00,0.00,0.00,0.00,0.00,2.00,2.00,2.00,2.00,2.00,2.00,0.00,0.00,0.00,0.00,0.00,0.00
2018/10/22T19:16:04z,68:c6:3a:89:1d:5b,2.50i,2.0+OPENLOG+15962 MB+DS3231+BME280+PMSX003A+PMSX003B,91,11,29.22,850.74,0.01,30128,31,97,1.44,1.82,1.82,1.44,1.82,1.82,446.23,141.36,13.97,0.31,0.00,0.00,1.12,1.71,1.76,1.12,1.71,1.76,407.12,126.15,14.82,1.09,0.38,0.00
2018/10/22T19:17:24z,68:c6:3a:89:1d:5b,2.50i,2.0+OPENLOG+15962 MB+DS3231+BME280+PMSX003A+PMSX003B,91,11,29.22,850.71,0.01,30128,31,177,1.73,2.38,2.38,1.73,2.38,2.38,448.27,136.58,17.38,0.36,0.00,0.00,1.44,2.15,2.15,1.44,2.15,2.15,467.38,141.77,18.13,0.08,0.38,0.00
2018/10/22T19:18:44z,68:c6:3a:89:1d:5b,2.50i,2.0+OPENLOG+15962 MB+DS3231+BME280+PMSX003A+PMSX003B,90,11,28.45,850.68,0.01,30128,31,257,2.07,2.59,2.59,2.07,2.59,2.59,519.41,158.00,13.43,0.39,0.00,0.00,2.18,3.18,3.18,2.18,3.18,3.18,550.26,168.03,23.63,0.61,0.38,0.00
2018/10/22T19:20:04z,68:c6:3a:89:1d:5b,2.50i,2.0+OPENLOG+15962 MB+DS3231+BME280+PMSX003A+PMSX003B,90,11,28.45,850.67,0.01,29696,31,337,1.77,2.41,2.55,1.77,2.41,2.55,504.95,151.32,14.75,0.68,0.25,0.00,1.39,2.33,2.33,1.39,2.33,2.33,481.00,149.33,15.72,0.83,0.38,0.00
2018/10/22T19:21:24z,68:c6:3a:89:1d:5b,2.50i,2.0+OPENLOG+15962 MB+DS3231+BME280+PMSX003A+PMSX003B,90,11,28.45,850.57,0.01,29672,31,417,1.77,2.80,2.80,1.77,2.80,2.80,480.55,143.39,17.43,1.18,0.25,0.00,1.68,1.87,2.18,1.68,1.87,2.18,399.95,121.53,15.00,0.68,0.39,0.39
2018/10/22T19:22:44z,68:c6:3a:89:1d:5b,2.50i,2.0+OPENLOG+15962 MB+DS3231+BME280+PMSX003A+PMSX003B,90,11,28.45,850.57,0.01,30128,31,497,1.80,2.55,2.80,1.80,2.55,2.80,523.09,158.45,11.80,1.05,0.25,0.00,1.08,1.55,1.55,1.08,1.55,1.55,403.66,121.13,10.34,0.18,0.39,0.39
2018/10/22T19:24:04z,68:c6:3a:89:1d:5b,2.50i,2.0+OPENLOG+15962 MB+DS3231+BME280+PMSX003A+PMSX003B,90,11,28.45,850.57,0.01,30128,31,577,2.07,2.82,2.82,2.07,2.82,2.82,491.18,151.45,16.61,0.95,0.25,0.00,2.43,3.22,3.22,2.43,3.22,3.22,506.76,158.41,17.08,1.08,0.39,0.39
2018/10/22T19:25:24z,68:c6:3a:89:1d:5b,2.50i,2.0+OPENLOG+15962 MB+DS3231+BME280+PMSX003A+PMSX003B,90,11,28.45,850.59,0.01,29592,31,657,2.16,2.48,2.64,2.16,2.48,2.64,494.45,149.55,15.36,0.41,0.41,0.00,1.32,1.38,1.38,1.32,1.38,1.38,447.41,133.84,11.70,0.27,0.39,0.39
2018/10/22T19:26:44z,68:c6:3a:89:1d:5b,2.50i,2.0+OPENLOG+15962 MB+DS3231+BME280+PMSX003A+PMSX003B,90,11,28.45,850.52,0.01,29696,31,737,2.00,2.64,2.64,2.00,2.64,2.64,522.61,153.66,20.55,0.25,0.41,0.00,1.57,2.46,2.46,1.57,2.46,2.46,471.41,148.41,16.11,0.49,0.39,0.39
2018/10/22T19:28:04z,68:c6:3a:89:1d:5b,2.50i,2.0+OPENLOG+15962 MB+DS3231+BME280+PMSX003A+PMSX003B,90,11,28.45,850.51,0.01,30128,31,817,2.23,2.48,2.48,2.23,2.48,2.48,503.52,154.32,10.45,0.36,0.41,0.00,2.32,3.00,3.00,2.32,3.00,3.00,508.42,158.92,16.50,0.49,0.39,0.39
2018/10/22T19:29:24z,68:c6:3a:89:1d:5b,2.50i,2.0+OPENLOG+15962 MB+DS3231+BME280+PMSX003A+PMSX003B,90,11,28.45,850.51,0.01,30128,31,897,1.23,2.23,2.23,1.23,2.23,2.23,446.45,131.95,14.89,1.00,0.41,0.00,1.73,2.46,2.70,1.73,2.46,2.70,427.05,133.03,13.68,1.08,0.32,0.32
2018/10/22T19:30:44z,68:c6:3a:89:1d:5b,2.50i,2.0+OPENLOG+15962 MB+DS3231+BME280+PMSX003A+PMSX003B,90,11,28.45,850.51,0.01,29696,31,977,1.67,2.02,2.02,1.67,2.02,2.02,459.40,141.18,15.71,0.27,0.41,0.00,1.30,1.78,1.78,1.30,1.78,1.78,357.16,110.59,5.35,0.41,0.32,0.32
2018/10/22T19:32:04z,68:c6:3a:89:1d:5b,2.50i,2.0+OPENLOG+15962 MB+DS3231+BME280+PMSX003A+PMSX003B,90,11,28.45,850.41,0.01,29696,31,1057,1.61,1.93,2.00,1.61,1.93,2.00,423.07,124.77,10.64,0.82,0.27,0.00,1.87,2.79,3.42,1.87,2.79,3.42,468.55,140.21,18.08,1.95,0.89,0.39
2018/10/22T19:33:24z,68:c6:3a:89:1d:5b,2.50i,2.0+OPENLOG+15962 MB+DS3231+BME280+PMSX003A+PMSX003B,89,11,27.69,850.41,0.01,30128,31,1137,1.59,2.23,2.23,1.59,2.23,2.23,470.39,141.00,14.82,0.57,0.27,0.00,1.92,2.41,2.41,1.92,2.41,2.41,477.41,146.84,16.11,0.86,0.89,0.39
2018/10/22T19:34:44z,68:c6:3a:89:1d:5b,2.50i,2.0+OPENLOG+15962 MB+DS3231+BME280+PMSX003A+PMSX003B,89,11,27.69,850.46,0.01,30128,31,1217,1.59,2.09,2.09,1.59,2.09,2.09,506.86,149.59,12.34,0.30,0.30,0.00,1.75,2.00,2.00,1.75,2.00,2.00,421.92,131.19,12.44,0.31,0.89,0.39
2018/10/22T19:36:04z,68:c6:3a:89:1d:5b,2.50i,2.0+OPENLOG+15962 MB+DS3231+BME280+PMSX003A+PMSX003B,89,11,27.69,850.46,0.01,29848,31,1297,2.11,2.77,2.77,2.11,2.77,2.77,535.57,164.93,18.89,0.25,0.30,0.00,2.29,2.55,2.87,2.29,2.55,2.87,507.00,156.82,15.29,1.11,0.39,0.39
2018/10/22T19:37:24z,68:c6:3a:89:1d:5b,2.50i,2.0+OPENLOG+15962 MB+DS3231+BME280+PMSX003A+PMSX003B,89,11,27.69,850.47,0.01,29696,31,1377,1.91,2.59,2.59,1.91,2.59,2.59,489.75,147.18,15.48,1.27,0.30,0.00,2.62,2.65,2.95,2.62,2.65,2.95,507.57,153.19,11.38,0.30,0.30,0.39
2018/10/22T19:38:44z,68:c6:3a:89:1d:5b,2.50i,2.0+OPENLOG+15962 MB+DS3231+BME280+PMSX003A+PMSX003B,89,11,27.69,850.36,0.01,30128,31,1457,2.27,3.02,3.02,2.27,3.02,3.02,530.05,156.48,22.50,1.48,0.30,0.00,2.46,2.59,2.73,2.46,2.59,2.73,496.30,154.73,15.03,0.30,0.08,0.39
2018/10/22T19:40:04z,68:c6:3a:89:1d:5b,2.50i,2.0+OPENLOG+15962 MB+DS3231+BME280+PMSX003A+PMSX003B,90,11,28.45,850.43,0.01,30128,31,1537,2.18,2.77,3.02,2.18,2.77,3.02,505.50,150.77,19.16,0.66,0.25,0.25,2.51,3.41,3.46,2.51,3.41,3.46,602.76,185.16,21.51,1.27,0.24,0.39
2018/10/22T19:41:24z,68:c6:3a:89:1d:5b,2.50i,2.0+OPENLOG+15962 MB+DS3231+BME280+PMSX003A+PMSX003B,90,10,26.14,850.41,0.01,30128,31,1617,2.28,2.60,2.60,2.28,2.60,2.60,549.28,160.37,18.28,0.56,0.25,0.25,2.84,3.24,3.24,2.84,3.24,3.24,603.47,184.66,15.37,0.37,0.24,0.39
2018/10/22T19:42:44z,68:c6:3a:89:1d:5b,2.50i,2.0+OPENLOG+15962 MB+DS3231+BME280+PMSX003A+PMSX003B,90,10,26.14,850.37,0.01,29592,31,1697,2.41,3.20,3.39,2.41,3.20,3.39,586.43,175.09,18.45,0.55,0.25,0.25,2.89,3.58,3.79,2.89,3.58,3.79,627.32,193.29,17.79,0.29,0.29,0.39
2018/10/22T19:44:04z,68:c6:3a:89:1d:5b,2.50i,2.0+OPENLOG+15962 MB+DS3231+BME280+PMSX003A+PMSX003B,90,10,26.14,850.36,0.01,30128,31,1777,3.86,4.45,4.45,3.86,4.45,4.45,747.48,223.32,27.00,0.55,0.25,0.25,3.58,4.67,4.67,3.58,4.67,4.67,701.67,221.75,24.72,0.67,0.29,0.39
2018/10/22T19:45:24z,68:c6:3a:89:1d:5b,2.50i,2.0+OPENLOG+15962 MB+DS3231+BME280+PMSX003A+PMSX003B,89,10,25.38,850.30,0.01,30128,31,1857,2.73,3.82,3.82,2.73,3.82,3.82,649.70,196.11,24.91,1.39,0.25,0.25,3.16,4.42,4.42,3.16,4.42,4.42,716.13,216.39,23.55,1.03,0.29,0.39
2018/10/22T19:46:44z,68:c6:3a:89:1d:5b,2.50i,2.0+OPENLOG+15962 MB+DS3231+BME280+PMSX003A+PMSX003B,89,11,27.69,850.36,0.01,30128,31,1937,3.60,4.44,4.72,3.60,4.44,4.72,764.79,225.95,27.02,1.49,0.42,0.25,4.24,4.87,4.87,4.24,4.87,4.87,807.00,241.37,23.95,0.11,0.29,0.39
2018/10/22T19:48:04z,68:c6:3a:89:1d:5b,2.50i,2.0+OPENLOG+15962 MB+DS3231+BME280+PMSX003A+PMSX003B,89,10,25.38,850.34,0.01,29696,31,2017,4.02,5.16,5.16,4.02,5.16,5.16,828.95,253.91,28.68,0.86,0.42,0.25,4.70,5.14,5.14,4.70,5.14,5.14,817.78,249.84,20.30,0.38,0.29,0.39
2018/10/22T19:49:24z,68:c6:3a:89:1d:5b,2.50i,2.0+OPENLOG+15962 MB+DS3231+BME280+PMSX003A+PMSX003B,90,10,26.14,850.32,0.01,29696,31,2097,4.26,5.51,5.65,4.26,5.51,5.65,836.65,243.63,32.72,1.44,0.35,0.25,3.70,4.70,4.70,3.70,4.70,4.70,787.54,245.16,32.46,0.38,0.29,0.39
2018/10/22T19:50:44z,68:c6:3a:89:1d:5b,2.50i,2.0+OPENLOG+15962 MB+DS3231+BME280+PMSX003A+PMSX003B,89,11,27.69,850.34,0.01,30128,31,2177,4.02,5.45,5.57,4.02,5.45,5.57,858.82,258.68,29.07,0.98,0.32,0.25,4.58,5.63,5.63,4.58,5.63,5.63,879.63,275.58,26.03,0.38,0.29,0.39
2018/10/22T19:52:04z,68:c6:3a:89:1d:5b,2.50i,2.0+OPENLOG+15962 MB+DS3231+BME280+PMSX003A+PMSX003B,89,11,27.69,850.25,0.01,30128,31,2257,4.30,5.80,5.80,4.30,5.80,5.80,839.59,259.52,29.61,2.25,0.32,0.25,4.32,5.81,5.81,4.32,5.81,5.81,846.24,259.62,28.65,0.38,0.29,0.39
2018/10/22T19:53:49z,68:c6:3a:89:1d:5b,2.50i,2.0+OPENLOG+15962 MB+DS3231+BME280+PMSX003A+PMSX003B,89,10,25.38,850.31,0.01,29672,31,24,5.00,5.00,5.00,5.00,5.00,5.00,0.00,0.00,0.00,0.00,0.00,0.00,3.00,3.00,3.00,3.00,3.00,3.00,0.00,0.00,0.00,0.00,0.00,0.00
2018/10/22T19:55:02z,68:c6:3a:89:1d:5b,2.50i,2.0+OPENLOG+15962 MB+DS3231+BME280+PMSX003A+PMSX003B,88,10,24.62,850.26,0.01,30128,31,97,4.29,5.05,5.05,4.29,5.05,5.05,822.39,260.89,22.79,0.05,0.00,0.00,3.62,5.03,5.26,3.62,5.03,5.26,760.50,239.88,29.47,1.21,0.35,0.00
2018/10/22T19:56:22z,68:c6:3a:89:1d:5b,2.50i,2.0+OPENLOG+15962 MB+DS3231+BME280+PMSX003A+PMSX003B,88,10,24.62,850.22,0.01,30128,31,177,4.09,5.18,5.48,4.09,5.18,5.48,840.68,252.64,20.98,2.32,0.39,0.00,4.37,6.05,6.05,4.37,6.05,6.05,903.39,283.21,37.53,1.37,0.35,0.00
2018/10/22T19:57:42z,68:c6:3a:89:1d:5b,2.50i,2.0+OPENLOG+15962 MB+DS3231+BME280+PMSX003A+PMSX003B,88,11,26.92,850.27,0.01,30128,31,257,4.50,5.68,5.68,4.50,5.68,5.68,844.98,255.07,38.82,0.68,0.39,0.00,4.54,6.22,6.46,4.54,6.22,6.46,906.08,277.35,38.41,1.62,0.49,0.00
2018/10/22T19:59:02z,68:c6:3a:89:1d:5b,2.50i,2.0+OPENLOG+15962 MB+DS3231+BME280+PMSX003A+PMSX003B,88,11,26.92,850.26,0.01,29592,31,337,4.39,5.89,6.05,4.39,5.89,6.05,880.16,264.25,34.05,1.73,0.52,0.00,5.00,6.49,6.97,5.00,6.49,6.97,959.92,297.03,43.22,0.92,0.68,0.00
2018/10/22T20:00:22z,68:c6:3a:89:1d:5b,2.50i,2.0+OPENLOG+15962 MB+DS3231+BME280+PMSX003A+PMSX003B,88,11,26.92,850.25,0.01,29696,31,417,4.44,5.81,6.00,4.44,5.81,6.00,927.98,281.65,32.88,0.53,0.28,0.00,4.58,5.74,5.74,4.58,5.74,5.74,910.26,278.32,33.05,0.68,0.68,0.00
2018/10/22T20:01:42z,68:c6:3a:89:1d:5b,2.50i,2.0+OPENLOG+15962 MB+DS3231+BME280+PMSX003A+PMSX003B,89,10,25.38,850.26,0.01,30128,31,497,4.57,5.91,6.18,4.57,5.91,6.18,872.11,262.30,40.25,1.27,0.50,0.25,4.65,6.24,6.49,4.65,6.24,6.49,883.54,272.73,30.46,1.41,0.54,0.00
2018/10/22T20:03:02z,68:c6:3a:89:1d:5b,2.50i,2.0+OPENLOG+15962 MB+DS3231+BME280+PMSX003A+PMSX003B,89,10,25.38,850.19,0.01,30128,31,577,4.07,5.32,5.32,4.07,5.32,5.32,806.73,245.23,34.66,1.45,0.50,0.25,5.00,6.22,6.27,5.00,6.22,6.27,909.41,285.86,30.81,0.65,0.05,0.00
2018/10/22T20:04:22z,68:c6:3a:89:1d:5b,2.50i,2.0+OPENLOG+15962 MB+DS3231+BME280+PMSX003A+PMSX003B,89,10,25.38,850.20,0.01,29640,31,657,3.43,4.32,4.50,3.43,4.32,4.50,682.36,212.18,27.20,1.41,0.25,0.25,3.43,4.78,4.78,3.43,4.78,4.78,761.19,232.73,30.03,0.86,0.05,0.00
2018/10/22T20:05:42z,68:c6:3a:89:1d:5b,2.50i,2.0+OPENLOG+15962 MB+DS3231+BME280+PMSX003A+PMSX003B,88,10,24.62,850.25,0.01,29512,31,737,3.20,4.36,4.86,3.20,4.36,4.86,700.98,209.64,24.89,2.80,0.77,0.11,3.50,5.00,5.13,3.50,5.00,5.13,755.53,230.21,34.97,1.24,0.32,0.00
2018/10/22T20:07:02z,68:c6:3a:89:1d:5b,2.50i,2.0+OPENLOG+15962 MB+DS3231+BME280+PMSX003A+PMSX003B,88,10,24.62,850.21,0.01,30128,31,817,3.20,4.48,4.50,3.20,4.48,4.50,663.20,199.89,23.36,1.93,0.02,0.11,2.84,3.92,4.30,2.84,3.92,4.30,627.41,191.54,25.62,1.73,0.76,0.00
2018/10/22T20:08:22z,68:c6:3a:89:1d:5b,2.50i,2.0+OPENLOG+15962 MB+DS3231+BME280+PMSX003A+PMSX003B,88,11,26.92,850.20,0.01,30128,31,897,3.23,4.34,4.41,3.23,4.34,4.41,685.43,213.59,20.73,1.18,0.25,0.11,3.54,4.70,5.27,3.54,4.70,5.27,716.51,223.51,26.78,1.19,1.11,0.00
2018/10/22T20:09:42z,68:c6:3a:89:1d:5b,2.50i,2.0+OPENLOG+15962 MB+DS3231+BME280+PMSX003A+PMSX003B,88,11,26.92,850.17,0.01,30128,31,977,4.89,6.75,6.82,4.89,6.75,6.82,935.18,285.25,45.84,2.39,0.25,0.11,4.97,6.21,6.41,4.97,6.21,6.41,907.85,282.72,31.46,1.46,0.08,0.00
2018/10/22T20:11:02z,68:c6:3a:89:1d:5b,2.50i,2.0+OPENLOG+15962 MB+DS3231+BME280+PMSX003A+PMSX003B,88,11,26.92,850.18,0.01,29592,31,1057,4.32,5.11,5.18,4.32,5.11,5.18,818.05,247.68,26.55,0.68,0.11,0.11,4.74,6.37,6.63,4.74,6.37,6.63,898.89,282.87,32.55,1.37,0.42,0.00
2018/10/22T20:12:22z,68:c6:3a:89:1d:5b,2.50i,2.0+OPENLOG+15962 MB+DS3231+BME280+PMSX003A+PMSX003B,89,10,25.38,850.17,0.01,30128,31,1137,4.30,5.23,5.91,4.30,5.23,5.91,794.05,247.27,40.14,2.20,1.30,0.11,4.47,6.25,6.33,4.47,6.25,6.33,857.58,268.94,38.94,1.25,0.42,0.00
2018/10/22T20:13:42z,68:c6:3a:89:1d:5b,2.50i,2.0+OPENLOG+15962 MB+DS3231+BME280+PMSX003A+PMSX003B,89,10,25.38,850.13,0.01,30128,31,1217,3.05,3.68,3.89,3.05,3.68,3.89,698.39,211.16,22.30,0.27,1.30,0.11,4.29,4.92,5.11,4.29,4.92,5.11,792.00,238.84,24.42,0.50,0.47,0.00
2018/10/22T20:15:02z,68:c6:3a:89:1d:5b,2.50i,2.0+OPENLOG+15962 MB+DS3231+BME280+PMSX003A+PMSX003B,89,10,25.38,850.17,0.01,30128,31,1297,3.02,3.82,3.95,3.02,3.82,3.95,650.25,198.52,22.39,0.61,0.32,0.11,3.39,4.32,4.32,3.39,4.32,4.32,681.47,215.37,19.13,0.32,0.47,0.00
2018/10/22T20:16:22z,68:c6:3a:89:1d:5b,2.50i,2.0+OPENLOG+15962 MB+DS3231+BME280+PMSX003A+PMSX003B,88,10,24.62,850.20,0.01,29696,31,1377,2.93,3.98,4.30,2.93,3.98,4.30,614.86,187.43,20.70,1.30,0.32,0.32,3.41,4.27,4.46,3.41,4.27,4.46,680.84,213.46,24.22,0.73,0.32,0.00
2018/10/22T20:17:42z,68:c6:3a:89:1d:5b,2.50i,2.0+OPENLOG+15962 MB+DS3231+BME280+PMSX003A+PMSX003B,89,10,25.38,850.18,0.01,29696,31,1457,2.64,3.59,3.73,2.64,3.59,3.73,629.52,189.02,21.48,0.82,0.18,0.18,3.16,3.81,3.81,3.16,3.81,3.81,636.49,194.73,21.24,0.35,0.32,0.00
2018/10/22T20:19:02z,68:c6:3a:89:1d:5b,2.50i,2.0+OPENLOG+15962 MB+DS3231+BME280+PMSX003A+PMSX003B,89,10,25.38,850.12,0.01,30128,31,1537,3.39,4.52,4.75,3.39,4.52,4.75,647.39,198.16,22.66,1.20,0.23,0.23,3.87,5.11,5.34,3.87,5.11,5.34,712.66,221.13,22.76,2.76,0.50,0.00
2018/10/22T20:20:22z,68:c6:3a:89:1d:5b,2.50i,2.0+OPENLOG+15962 MB+DS3231+BME280+PMSX003A+PMSX003B,90,10,26.14,850.15,0.01,30128,31,1617,3.05,4.07,4.14,3.05,4.07,4.14,683.80,208.95,22.95,1.61,0.25,0.23,2.89,3.37,3.37,2.89,3.37,3.37,605.21,188.71,23.63,2.76,0.50,0.00
2018/10/22T20:21:42z,68:c6:3a:89:1d:5b,2.50i,2.0+OPENLOG+15962 MB+DS3231+BME280+PMSX003A+PMSX003B,90,10,26.14,850.16,0.01,29392,31,1697,2.64,3.86,4.36,2.64,3.86,4.36,628.23,192.48,30.30,1.02,0.59,0.34,2.92,3.67,3.67,2.92,3.67,3.67,608.17,187.67,14.97,0.69,0.50,0.00
2018/10/22T20:23:02z,68:c6:3a:89:1d:5b,2.50i,2.0+OPENLOG+15962 MB+DS3231+BME280+PMSX003A+PMSX003B,90,10,26.14,850.19,0.01,29696,31,1777,2.91,3.07,3.45,2.91,3.07,3.45,617.93,185.11,16.30,0.48,0.48,0.23,2.92,3.66,3.92,2.92,3.66,3.92,638.21,198.89,18.37,0.84,0.39,0.00
2018/10/22T20:24:22z,68:c6:3a:89:1d:5b,2.50i,2.0+OPENLOG+15962 MB+DS3231+BME280+PMSX003A+PMSX003B,89,10,25.38,850.12,0.01,30128,31,1857,2.82,3.59,3.75,2.82,3.59,3.75,589.57,173.98,20.73,1.30,0.41,0.23,2.95,3.79,3.82,2.95,3.79,3.82,586.34,179.68,18.76,1.34,0.32,0.00
2018/10/22T20:25:42z,68:c6:3a:89:1d:5b,2.50i,2.0+OPENLOG+15962 MB+DS3231+BME280+PMSX003A+PMSX003B,90,9,23.61,850.09,0.01,30128,31,1937,2.18,2.70,2.93,2.18,2.70,2.93,531.00,153.34,13.43,1.18,0.39,0.23,2.22,3.27,3.27,2.22,3.27,3.27,541.86,166.24,17.89,0.57,0.32,0.00
2018/10/22T20:27:02z,68:c6:3a:89:1d:5b,2.50i,2.0+OPENLOG+15962 MB+DS3231+BME280+PMSX003A+PMSX003B,90,9,23.61,850.01,0.01,29848,31,2017,2.34,2.86,3.11,2.34,2.86,3.11,546.14,165.98,16.64,0.52,0.52,0.25,1.95,2.54,2.95,1.95,2.54,2.95,532.14,167.22,16.54,0.73,0.41,0.00
2018/10/22T20:28:22z,68:c6:3a:89:1d:5b,2.50i,2.0+OPENLOG+15962 MB+DS3231+BME280+PMSX003A+PMSX003B,90,9,23.61,850.10,0.01,29696,31,2097,2.19,3.12,3.12,2.19,3.12,3.12,536.72,161.14,16.79,0.67,0.52,0.25,2.18,2.89,3.11,2.18,2.89,3.11,540.71,170.37,16.00,0.63,0.63,0.00
2018/10/22T20:29:42z,68:c6:3a:89:1d:5b,2.50i,2.0+OPENLOG+15962 MB+DS3231+BME280+PMSX003A+PMSX003B,90,9,23.61,850.15,0.01,30128,31,2177,2.59,3.39,3.39,2.59,3.39,3.39,591.07,172.57,22.00,1.14,0.52,0.25,2.32,2.71,2.71,2.32,2.71,2.71,581.21,182.79,15.47,0.63,0.63,0.00
2018/10/22T20:31:02z,68:c6:3a:89:1d:5b,2.50i,2.0+OPENLOG+15962 MB+DS3231+BME280+PMSX003A+PMSX003B,90,9,23.61,850.14,0.01,30128,31,2257,2.18,2.61,3.11,2.18,2.61,3.11,547.50,158.61,13.91,1.05,1.05,0.02,2.73,3.11,3.11,2.73,3.11,3.11,575.19,179.76,15.92,0.63,0.63,0.00
2018/10/22T20:32:47z,68:c6:3a:89:1d:5b,2.50i,2.0+OPENLOG+15962 MB+DS3231+BME280+PMSX003A+PMSX003B,91,9,24.36,850.19,0.01,29672,31,24,3.00,4.00,4.00,3.00,4.00,4.00,0.00,0.00,0.00,0.00,0.00,0.00,2.00,2.00,2.00,2.00,2.00,2.00,0.00,0.00,0.00,0.00,0.00,0.00
2018/10/22T20:34:00z,68:c6:3a:89:1d:5b,2.50i,2.0+OPENLOG+15962 MB+DS3231+BME280+PMSX003A+PMSX003B,91,9,24.36,850.21,0.01,30128,31,97,3.00,3.92,3.92,3.00,3.92,3.92,638.92,191.36,27.92,0.85,0.21,0.00,2.85,4.32,4.41,2.85,4.32,4.41,685.50,215.79,27.56,1.21,0.32,0.00
2018/10/22T20:35:20z,68:c6:3a:89:1d:5b,2.50i,2.0+OPENLOG+15962 MB+DS3231+BME280+PMSX003A+PMSX003B,91,9,24.36,850.16,0.01,30128,31,177,3.20,3.73,3.86,3.20,3.73,3.86,677.11,207.68,23.91,0.59,0.25,0.00,3.03,3.50,3.50,3.03,3.50,3.50,692.37,215.45,19.74,0.32,0.32,0.00
2018/10/22T20:36:40z,68:c6:3a:89:1d:5b,2.50i,2.0+OPENLOG+15962 MB+DS3231+BME280+PMSX003A+PMSX003B,91,9,24.36,850.17,0.01,30128,31,257,3.25,4.18,4.18,3.25,4.18,4.18,654.27,200.45,22.82,1.07,0.25,0.00,2.97,3.32,3.39,2.97,3.32,3.39,622.42,191.26,17.08,0.26,0.26,0.00
2018/10/22T20:38:00z,68:c6:3a:89:1d:5b,2.50i,2.0+OPENLOG+15962 MB+DS3231+BME280+PMSX003A+PMSX003B,90,9,23.61,850.14,0.01,29696,31,337,2.82,3.70,4.05,2.82,3.70,4.05,597.89,182.27,20.89,1.27,0.73,0.09,3.08,3.61,3.61,3.08,3.61,3.61,606.75,187.81,19.33,0.26,0.26,0.00
2018/10/22T20:39:20z,68:c6:3a:89:1d:5b,2.50i,2.0+OPENLOG+15962 MB+DS3231+BME280+PMSX003A+PMSX003B,91,9,24.36,850.20,0.01,29944,31,417,2.73,3.68,3.86,2.73,3.68,3.86,617.52,188.20,26.82,0.64,0.32,0.25,2.63,3.55,3.76,2.63,3.55,3.76,612.87,190.21,14.87,1.26,0.21,0.00
2018/10/22T20:40:40z,68:c6:3a:89:1d:5b,2.50i,2.0+OPENLOG+15962 MB+DS3231+BME280+PMSX003A+PMSX003B,91,9,24.36,850.11,0.01,30128,31,497,2.16,3.05,3.20,2.16,3.05,3.20,583.16,171.07,17.18,1.11,0.32,0.25,2.08,2.35,2.35,2.08,2.35,2.35,563.59,174.14,16.89,0.03,0.03,0.00
2018/10/22T20:42:00z,68:c6:3a:89:1d:5b,2.50i,2.0+OPENLOG+15962 MB+DS3231+BME280+PMSX003A+PMSX003B,91,9,24.36,850.13,0.01,30128,31,577,2.42,3.12,3.42,2.42,3.12,3.42,569.23,168.56,17.40,0.84,0.30,0.25,2.57,3.35,3.35,2.57,3.35,3.35,608.76,189.14,19.43,0.49,0.03,0.00
2018/10/22T20:43:20z,68:c6:3a:89:1d:5b,2.50i,2.0+OPENLOG+15962 MB+DS3231+BME280+PMSX003A+PMSX003B,91,9,24.36,850.04,0.01,29696,31,657,2.41,3.30,3.30,2.41,3.30,3.30,541.57,159.11,26.20,0.45,0.30,0.25,2.14,2.95,2.95,2.14,2.95,2.95,520.62,161.19,16.11,0.54,0.03,0.00
2018/10/22T20:44:40z,68:c6:3a:89:1d:5b,2.50i,2.0+OPENLOG+15962 MB+DS3231+BME280+PMSX003A+PMSX003B,91,9,24.36,850.15,0.01,29696,31,737,2.39,3.02,3.30,2.39,3.02,3.30,592.98,178.14,18.36,0.82,0.27,0.25,2.19,2.46,2.95,2.19,2.46,2.95,550.62,168.54,15.24,0.54,0.51,0.00
2018/10/22T20:46:00z,68:c6:3a:89:1d:5b,2.50i,2.0+OPENLOG+15962 MB+DS3231+BME280+PMSX003A+PMSX003B,91,9,24.36,850.23,0.01,29944,31,817,1.75,2.43,2.43,1.75,2.43,2.43,498.07,150.93,15.07,0.93,0.25,0.25,2.24,3.39,3.74,2.24,3.39,3.74,605.61,188.03,21.53,1.79,0.50,0.00
2018/10/22T20:47:20z,68:c6:3a:89:1d:5b,2.50i,2.0+OPENLOG+15962 MB+DS3231+BME280+PMSX003A+PMSX003B,92,9,25.11,850.17,0.01,30128,31,897,1.93,2.93,2.93,1.93,2.93,2.93,529.77,157.39,18.23,1.61,0.25,0.25,2.67,3.39,3.47,2.67,3.39,3.47,591.33,183.36,15.39,0.58,0.25,0.00
2018/10/22T20:48:40z,68:c6:3a:89:1d:5b,2.50i,2.0+OPENLOG+15962 MB+DS3231+BME280+PMSX003A+PMSX003B,92,9,25.11,850.16,0.01,29592,31,977,1.98,2.84,3.16,1.98,2.84,3.16,561.14,165.20,18.52,0.93,0.32,0.32,2.41,3.11,3.22,2.41,3.11,3.22,560.68,173.89,18.81,0.59,0.19,0.00
2018/10/22T20:50:00z,68:c6:3a:89:1d:5b,2.50i,2.0+OPENLOG+15962 MB+DS3231+BME280+PMSX003A+PMSX003B,92,8,22.29,850.20,0.01,29696,31,1057,2.70,3.35,3.67,2.70,3.35,3.67,580.53,178.65,15.51,0.51,0.33,0.33,2.84,3.29,3.29,2.84,3.29,3.29,589.82,177.47,16.05,0.32,0.19,0.00
2018/10/22T20:51:20z,68:c6:3a:89:1d:5b,2.50i,2.0+OPENLOG+15962 MB+DS3231+BME280+PMSX003A+PMSX003B,92,8,22.29,850.17,0.01,30128,31,1137,3.02,4.09,4.09,3.02,4.09,4.09,644.86,196.84,24.39,0.86,0.33,0.33,2.24,2.82,2.84,2.24,2.82,2.84,524.68,160.45,18.58,0.42,0.08,0.00
2018/10/22T20:52:40z,68:c6:3a:89:1d:5b,2.50i,2.0+OPENLOG+15962 MB+DS3231+BME280+PMSX003A+PMSX003B,92,9,25.11,850.12,0.01,30128,31,1217,2.93,3.84,3.84,2.93,3.84,3.84,625.91,188.64,20.39,1.41,0.33,0.33,2.61,3.61,3.61,2.61,3.61,3.61,607.17,187.14,16.42,0.69,0.08,0.00
2018/10/22T20:54:00z,68:c6:3a:89:1d:5b,2.50i,2.0+OPENLOG+15962 MB+DS3231+BME280+PMSX003A+PMSX003B,92,9,25.11,850.14,0.01,30128,31,1297,3.20,4.27,4.57,3.20,4.27,4.57,691.09,209.39,24.32,1.91,0.43,0.33,3.24,3.92,3.92,3.24,3.92,3.92,624.55,190.53,18.87,0.71,0.08,0.00
2018/10/22T20:55:20z,68:c6:3a:89:1d:5b,2.50i,2.0+OPENLOG+15962 MB+DS3231+BME280+PMSX003A+PMSX003B,92,9,25.11,850.18,0.01,29592,31,1377,3.36,4.80,4.80,3.36,4.80,4.80,761.73,228.27,30.00,1.07,0.43,0.33,3.47,4.58,4.58,3.47,4.58,4.58,697.42,214.58,22.37,0.63,0.08,0.00
2018/10/22T20:56:40z,68:c6:3a:89:1d:5b,2.50i,2.0+OPENLOG+15962 MB+DS3231+BME280+PMSX003A+PMSX003B,92,9,25.11,850.09,0.01,30128,31,1457,3.70,4.48,4.48,3.70,4.48,4.48,714.00,212.98,23.18,1.18,0.43,0.33,3.68,4.43,5.14,3.68,4.43,5.14,720.32,225.70,25.51,1.70,1.22,0.00
2018/10/22T20:58:00z,68:c6:3a:89:1d:5b,2.50i,2.0+OPENLOG+15962 MB+DS3231+BME280+PMSX003A+PMSX003B,92,9,25.11,850.15,0.01,30128,31,1537,3.36,4.25,4.52,3.36,4.25,4.52,735.07,218.95,22.23,1.39,0.41,0.33,3.68,4.68,5.16,3.68,4.68,5.16,725.35,224.78,26.65,1.57,0.57,0.49
2018/10/22T20:59:20z,68:c6:3a:89:1d:5b,2.50i,2.0+OPENLOG+15962 MB+DS3231+BME280+PMSX003A+PMSX003B,92,8,22.29,850.17,0.01,30128,31,1617,3.75,4.52,4.70,3.75,4.52,4.70,725.45,221.34,22.80,0.75,0.50,0.33,3.97,4.97,5.37,3.97,4.97,5.37,757.89,229.05,30.08,1.79,0.66,0.34
2018/10/22T21:00:40z,68:c6:3a:89:1d:5b,2.50i,2.0+OPENLOG+15962 MB+DS3231+BME280+PMSX003A+PMSX003B,92,8,22.29,850.14,0.01,29592,31,1697,3.44,4.23,4.33,3.44,4.23,4.33,674.30,208.26,19.91,0.84,0.09,0.33,3.85,4.92,5.26,3.85,4.92,5.26,720.85,224.15,31.33,0.87,0.49,0.49
2018/10/22T21:02:00z,68:c6:3a:89:1d:5b,2.50i,2.0+OPENLOG+15962 MB+DS3231+BME280+PMSX003A+PMSX003B,92,9,25.11,850.13,0.01,30128,31,1777,2.43,3.41,3.64,2.43,3.41,3.64,613.70,184.66,20.59,1.18,0.43,0.33,2.84,3.84,4.00,2.84,3.84,4.00,636.73,194.73,26.57,0.62,0.38,0.49
2018/10/22T21:03:20z,68:c6:3a:89:1d:5b,2.50i,2.0+OPENLOG+15962 MB+DS3231+BME280+PMSX003A+PMSX003B,92,9,25.11,850.13,0.01,30128,31,1857,3.18,4.32,4.70,3.18,4.32,4.70,726.75,221.55,30.91,1.77,0.59,0.33,2.89,3.57,4.38,2.89,3.57,4.38,627.49,195.78,22.08,1.19,1.19,0.49
2018/10/22T21:04:40z,68:c6:3a:89:1d:5b,2.50i,2.0+OPENLOG+15962 MB+DS3231+BME280+PMSX003A+PMSX003B,92,9,25.11,850.06,0.01,30128,31,1937,3.40,4.40,4.40,3.40,4.40,4.40,692.00,208.04,25.64,0.31,0.59,0.33,3.44,4.38,4.38,3.44,4.38,4.38,704.38,217.74,23.49,0.49,0.08,0.49
2018/10/22T21:06:00z,68:c6:3a:89:1d:5b,2.50i,2.0+OPENLOG+15962 MB+DS3231+BME280+PMSX003A+PMSX003B,92,9,25.11,850.07,0.01,29696,31,2017,2.86,4.09,4.09,2.86,4.09,4.09,663.68,198.84,25.66,1.52,0.59,0.33,3.74,5.05,5.55,3.74,5.05,5.55,752.76,228.00,31.92,1.95,0.63,0.34
2018/10/22T21:07:20z,68:c6:3a:89:1d:5b,2.50i,2.0+OPENLOG+15962 MB+DS3231+BME280+PMSX003A+PMSX003B,92,9,25.11,850.11,0.01,29696,31,2097,3.66,4.57,4.57,3.66,4.57,4.57,733.70,218.59,24.25,0.93,0.59,0.33,3.65,4.59,4.95,3.65,4.59,4.95,700.22,212.89,28.86,0.68,0.68,0.34
2018/10/22T21:08:40z,68:c6:3a:89:1d:5b,2.50i,2.0+OPENLOG+15962 MB+DS3231+BME280+PMSX003A+PMSX003B,91,9,24.36,850.13,0.01,30128,31,2177,4.50,5.16,5.16,4.50,5.16,5.16,837.75,251.43,26.52,0.41,0.59,0.33,3.92,4.95,4.95,3.92,4.95,4.95,732.87,225.13,26.58,1.18,0.68,0.34
2018/10/22T21:10:00z,68:c6:3a:89:1d:5b,2.50i,2.0+OPENLOG+15962 MB+DS3231+BME280+PMSX003A+PMSX003B,92,9,25.11,850.11,0.01,30128,31,2257,5.30,6.60,6.60,5.30,6.60,6.60,979.19,294.81,33.98,0.42,0.59,0.33,4.21,5.34,5.63,4.21,5.34,5.63,803.92,246.82,29.24,1.68,0.82,0.34
2018/10/22T21:11:43z,68:c6:3a:89:1d:5b,2.50i,2.0+OPENLOG+15962 MB+DS3231+BME280+PMSX003A+PMSX003B,92,9,25.11,850.12,0.01,29672,31,23,4.00,4.00,4.00,4.00,4.00,4.00,0.00,0.00,0.00,0.00,0.00,0.00,3.00,3.00,3.00,3.00,3.00,3.00,0.00,0.00,0.00,0.00,0.00,0.00
2018/10/22T21:12:58z,68:c6:3a:89:1d:5b,2.50i,2.0+OPENLOG+15962 MB+DS3231+BME280+PMSX003A+PMSX003B,92,9,25.11,850.09,0.01,30128,31,97,2.28,3.22,3.22,2.28,3.22,3.22,582.30,174.57,18.85,0.75,0.00,0.00,2.17,2.80,2.80,2.17,2.80,2.80,562.71,170.60,19.14,0.57,0.00,0.00
2018/10/22T21:14:18z,68:c6:3a:89:1d:5b,2.50i,2.0+OPENLOG+15962 MB+DS3231+BME280+PMSX003A+PMSX003B,91,9,24.36,850.09,0.01,30128,31,177,2.62,3.16,3.49,2.62,3.16,3.49,626.87,185.56,16.42,0.64,0.36,0.36,3.29,4.00,4.00,3.29,4.00,4.00,694.66,216.29,17.92,0.57,0.00,0.00
2018/10/22T21:15:38z,68:c6:3a:89:1d:5b,2.50i,2.0+OPENLOG+15962 MB+DS3231+BME280+PMSX003A+PMSX003B,91,9,24.36,850.10,0.01,30128,31,257,3.05,3.84,3.89,3.05,3.84,3.89,682.50,203.14,22.59,0.77,0.05,0.36,2.84,3.87,3.89,2.84,3.87,3.89,607.66,186.84,20.55,0.39,0.08,0.00
2018/10/22T21:16:58z,68:c6:3a:89:1d:5b,2.50i,2.0+OPENLOG+15962 MB+DS3231+BME280+PMSX003A+PMSX003B,91,9,24.36,850.10,0.01,29696,31,337,3.45,5.52,5.70,3.45,5.52,5.70,776.05,234.98,36.77,1.80,0.25,0.36,3.81,4.89,5.05,3.81,4.89,5.05,753.41,229.16,24.54,0.41,0.41,0.00
2018/10/22T21:18:18z,68:c6:3a:89:1d:5b,2.50i,2.0+OPENLOG+15962 MB+DS3231+BME280+PMSX003A+PMSX003B,91,9,24.36,850.13,0.01,29672,31,417,3.77,4.75,5.25,3.77,4.75,5.25,736.02,215.80,32.16,1.18,0.75,0.25,3.03,3.87,4.11,3.03,3.87,4.11,627.95,193.76,19.55,0.87,0.53,0.00
2018/10/22T21:19:38z,68:c6:3a:89:1d:5b,2.50i,2.0+OPENLOG+15962 MB+DS3231+BME280+PMSX003A+PMSX003B,91,9,24.36,850.12,0.01,30128,31,497,3.64,4.64,4.89,3.64,4.64,4.89,756.53,222.82,26.51,1.29,0.40,0.25,3.76,4.53,4.58,3.76,4.53,4.58,769.18,239.68,24.74,0.76,0.11,0.00
2018/10/22T21:20:58z,68:c6:3a:89:1d:5b,2.50i,2.0+OPENLOG+15962 MB+DS3231+BME280+PMSX003A+PMSX003B,91,9,24.36,849.99,0.01,30128,31,577,3.40,4.60,4.60,3.40,4.60,4.60,736.40,223.51,26.91,1.19,0.40,0.25,2.95,3.86,3.92,2.95,3.86,3.92,710.68,223.95,25.24,0.51,0.05,0.00
2018/10/22T21:22:18z,68:c6:3a:89:1d:5b,2.50i,2.0+OPENLOG+15962 MB+DS3231+BME280+PMSX003A+PMSX003B,91,9,24.36,850.03,0.01,29696,31,657,3.50,5.23,5.23,3.50,5.23,5.23,704.52,219.43,35.55,1.16,0.40,0.25,4.22,5.16,5.19,4.22,5.16,5.19,805.86,246.59,24.59,0.68,0.08,0.00
2018/10/22T21:23:38z,68:c6:3a:89:1d:5b,2.50i,2.0+OPENLOG+15962 MB+DS3231+BME280+PMSX003A+PMSX003B,90,9,23.61,850.13,0.01,29696,31,737,2.64,4.05,4.18,2.64,4.05,4.18,631.36,186.36,23.91,1.91,0.14,0.25,2.66,3.76,4.03,2.66,3.76,4.03,616.89,191.16,23.50,1.29,0.42,0.00
2018/10/22T21:24:58z,68:c6:3a:89:1d:5b,2.50i,2.0+OPENLOG+15962 MB+DS3231+BME280+PMSX003A+PMSX003B,91,9,24.36,850.08,0.01,30128,31,817,2.91,3.75,3.75,2.91,3.75,3.75,610.77,179.73,21.64,1.57,0.25,0.25,3.08,3.85,4.26,3.08,3.85,4.26,595.62,184.92,25.72,1.05,0.49,0.49
2018/10/22T21:26:18z,68:c6:3a:89:1d:5b,2.50i,2.0+OPENLOG+15962 MB+DS3231+BME280+PMSX003A+PMSX003B,91,9,24.36,850.09,0.01,30128,31,897,2.25,3.18,3.55,2.25,3.18,3.55,534.07,163.75,24.80,1.50,0.61,0.25,2.43,2.95,2.95,2.43,2.95,2.95,508.14,160.78,14.92,0.68,0.49,0.49
2018/10/22T21:27:38z,68:c6:3a:89:1d:5b,2.50i,2.0+OPENLOG+15962 MB+DS3231+BME280+PMSX003A+PMSX003B,91,8,21.55,850.08,0.01,29848,31,977,1.95,2.89,2.89,1.95,2.89,2.89,523.84,156.80,15.77,0.89,0.61,0.25,1.59,2.41,2.41,1.59,2.41,2.41,510.65,149.14,19.14,0.76,0.49,0.49
2018/10/22T21:28:58z,68:c6:3a:89:1d:5b,2.50i,2.0+OPENLOG+15962 MB+DS3231+BME280+PMSX003A+PMSX003B,91,8,21.55,850.07,0.01,29592,31,1057,1.73,2.30,2.30,1.73,2.30,2.30,496.77,148.07,16.18,1.14,0.61,0.25,1.41,1.64,1.64,1.41,1.64,1.64,402.77,125.59,14.51,0.33,0.49,0.49
2018/10/22T21:30:18z,68:c6:3a:89:1d:5b,2.50i,2.0+OPENLOG+15962 MB+DS3231+BME280+PMSX003A+PMSX003B,91,8,21.55,850.09,0.01,30128,31,1137,1.56,2.00,2.37,1.56,2.00,2.37,444.98,130.70,20.19,1.60,0.44,0.25,2.13,2.55,2.55,2.13,2.55,2.55,474.16,144.87,15.16,0.08,0.49,0.49
2018/10/22T21:31:38z,68:c6:3a:89:1d:5b,2.50i,2.0+OPENLOG+15962 MB+DS3231+BME280+PMSX003A+PMSX003B,91,9,24.36,850.08,0.01,30128,31,1217,2.14,2.95,3.09,2.14,2.95,3.09,521.45,155.27,20.25,0.48,0.25,0.25,2.75,3.31,3.31,2.75,3.31,3.31,589.58,182.11,17.33,0.08,0.49,0.49
2018/10/22T21:32:58z,68:c6:3a:89:1d:5b,2.50i,2.0+OPENLOG+15962 MB+DS3231+BME280+PMSX003A+PMSX003B,91,9,24.36,850.07,0.01,29640,31,1297,2.91,4.43,4.43,2.91,4.43,4.43,669.95,202.95,25.86,2.16,0.25,0.25,3.84,4.53,5.03,3.84,4.53,5.03,728.84,221.89,27.32,1.18,0.50,0.49
2018/10/22T21:34:18z,68:c6:3a:89:1d:5b,2.50i,2.0+OPENLOG+15962 MB+DS3231+BME280+PMSX003A+PMSX003B,90,9,23.61,850.16,0.01,29592,31,1377,4.36,5.84,5.84,4.36,5.84,5.84,841.23,252.59,36.48,1.45,0.25,0.25,4.03,4.79,4.79,4.03,4.79,4.79,754.03,233.82,21.84,0.66,0.50,0.49
2018/10/22T21:35:38z,68:c6:3a:89:1d:5b,2.50i,2.0+OPENLOG+15962 MB+DS3231+BME280+PMSX003A+PMSX003B,90,9,23.61,850.17,0.01,30128,31,1457,4.20,5.41,5.41,4.20,5.41,5.41,852.68,262.50,28.73,0.48,0.25,0.25,4.19,5.38,5.38,4.19,5.38,5.38,861.65,264.78,28.89,0.62,0.50,0.49
2018/10/22T21:36:58z,68:c6:3a:89:1d:5b,2.50i,2.0+OPENLOG+15962 MB+DS3231+BME280+PMSX003A+PMSX003B,90,9,23.61,850.15,0.01,30128,31,1537,3.66,4.86,5.30,3.66,4.86,5.30,749.59,228.64,30.70,1.75,0.77,0.25,4.00,4.35,5.14,4.00,4.35,5.14,774.89,241.73,21.78,1.27,0.86,0.38
2018/10/22T21:38:18z,68:c6:3a:89:1d:5b,2.50i,2.0+OPENLOG+15962 MB+DS3231+BME280+PMSX003A+PMSX003B,90,9,23.61,850.17,0.01,30128,31,1617,3.64,4.50,4.50,3.64,4.50,4.50,742.00,224.36,27.10,0.69,0.77,0.25,3.58,4.34,4.34,3.58,4.34,4.34,728.29,224.32,21.34,1.27,0.86,0.38
2018/10/22T21:39:38z,68:c6:3a:89:1d:5b,2.50i,2.0+OPENLOG+15962 MB+DS3231+BME280+PMSX003A+PMSX003B,90,9,23.61,850.18,0.01,29512,31,1697,3.34,4.59,4.68,3.34,4.59,4.68,693.89,213.98,25.93,1.14,0.34,0.25,3.79,4.47,4.71,3.79,4.47,4.71,699.16,219.21,22.16,1.24,0.29,0.38
2018/10/22T21:40:58z,68:c6:3a:89:1d:5b,2.50i,2.0+OPENLOG+15962 MB+DS3231+BME280+PMSX003A+PMSX003B,90,9,23.61,850.19,0.01,29672,31,1777,2.75,3.91,4.20,2.75,3.91,4.20,621.34,192.25,18.43,1.64,0.36,0.25,3.25,4.31,4.67,3.25,4.31,4.67,714.83,223.08,25.42,1.39,0.72,0.38
2018/10/22T21:42:18z,68:c6:3a:89:1d:5b,2.50i,2.0+OPENLOG+15962 MB+DS3231+BME280+PMSX003A+PMSX003B,90,9,23.61,850.17,0.01,29944,31,1857,3.70,5.00,5.00,3.70,5.00,5.00,765.55,233.07,25.48,1.48,0.36,0.25,3.51,4.81,4.92,3.51,4.81,4.92,767.03,237.97,24.16,1.92,0.35,0.38
2018/10/22T21:43:38z,68:c6:3a:89:1d:5b,2.50i,2.0+OPENLOG+15962 MB+DS3231+BME280+PMSX003A+PMSX003B,90,9,23.61,850.26,0.01,30128,31,1937,3.80,4.59,5.09,3.80,4.59,5.09,761.73,225.25,28.27,0.82,0.50,0.50,4.08,4.84,5.16,4.08,4.84,5.16,734.21,226.24,25.29,0.76,0.32,0.32
2018/10/22T21:44:58z,68:c6:3a:89:1d:5b,2.50i,2.0+OPENLOG+15962 MB+DS3231+BME280+PMSX003A+PMSX003B,89,9,22.86,850.14,0.01,29512,31,2017,3.77,4.48,4.68,3.77,4.48,4.68,769.30,231.41,24.27,0.61,0.25,0.25,4.11,5.14,5.16,4.11,5.14,5.16,771.32,238.03,26.84,0.35,0.35,0.32
2018/10/22T21:46:18z,68:c6:3a:89:1d:5b,2.50i,2.0+OPENLOG+15962 MB+DS3231+BME280+PMSX003A+PMSX003B,89,9,22.86,850.16,0.01,29696,31,2097,4.00,5.16,5.30,4.00,5.16,5.30,787.70,243.27,29.27,1.41,0.27,0.25,3.46,4.05,4.05,3.46,4.05,4.05,775.70,237.49,16.73,0.59,0.35,0.32
2018/10/22T21:47:38z,68:c6:3a:89:1d:5b,2.50i,2.0+OPENLOG+15962 MB+DS3231+BME280+PMSX003A+PMSX003B,89,9,22.86,850.20,0.01,29944,31,2177,3.41,4.48,4.48,3.41,4.48,4.48,719.05,219.91,22.27,0.89,0.27,0.25,3.21,3.95,3.95,3.21,3.95,3.95,744.00,229.26,22.11,0.32,0.35,0.32
2018/10/22T21:48:58z,68:c6:3a:89:1d:5b,2.50i,2.0+OPENLOG+15962 MB+DS3231+BME280+PMSX003A+PMSX003B,89,9,22.86,850.25,0.01,30128,31,2257,3.07,3.95,4.25,3.07,3.95,4.25,660.14,199.02,19.80,0.91,0.30,0.30,3.76,4.58,4.58,3.76,4.58,4.58,715.97,222.24,25.82,1.11,0.35,0.32
2018/10/22T21:50:41z,68:c6:3a:89:1d:5b,2.50i,2.0+OPENLOG+15962 MB+DS3231+BME280+PMSX003A+PMSX003B,89,10,25.38,850.23,0.01,29672,31,23,2.00,2.00,2.00,2.00,2.00,2.00,0.00,0.00,0.00,0.00,0.00,0.00,2.00,2.00,2.00,2.00,2.00,2.00,0.00,0.00,0.00,0.00,0.00,0.00
2018/10/22T21:51:56z,68:c6:3a:89:1d:5b,2.50i,2.0+OPENLOG+15962 MB+DS3231+BME280+PMSX003A+PMSX003B,88,10,24.62,850.22,0.01,30128,31,97,2.95,4.07,4.10,2.95,4.07,4.10,644.92,196.27,23.08,1.08,0.03,0.00,2.32,3.15,3.15,2.32,3.15,3.15,555.53,174.29,19.03,0.47,0.00,0.00
2018/10/22T21:53:16z,68:c6:3a:89:1d:5b,2.50i,2.0+OPENLOG+15962 MB+DS3231+BME280+PMSX003A+PMSX003B,88,10,24.62,850.20,0.01,30128,31,177,3.45,4.18,4.48,3.45,4.18,4.48,717.95,216.61,21.14,1.34,0.61,0.00,2.82,3.71,3.71,2.82,3.71,3.71,702.55,218.89,22.16,0.68,0.24,0.00
2018/10/22T21:54:36z,68:c6:3a:89:1d:5b,2.50i,2.0+OPENLOG+15962 MB+DS3231+BME280+PMSX003A+PMSX003B,88,10,24.62,850.22,0.01,30128,31,257,2.84,4.14,4.45,2.84,4.14,4.45,682.16,203.84,29.86,1.82,0.25,0.00,2.92,3.73,3.84,2.92,3.73,3.84,616.30,187.19,21.00,0.19,0.19,0.00
2018/10/22T21:55:56z,68:c6:3a:89:1d:5b,2.50i,2.0+OPENLOG+15962 MB+DS3231+BME280+PMSX003A+PMSX003B,87,10,23.86,850.20,0.01,29696,31,337,2.73,3.34,3.36,2.73,3.34,3.36,578.80,173.89,17.36,0.48,0.02,0.00,3.08,3.89,4.14,3.08,3.89,4.14,631.22,198.84,19.57,0.54,0.54,0.00
2018/10/22T21:57:16z,68:c6:3a:89:1d:5b,2.50i,2.0+OPENLOG+15962 MB+DS3231+BME280+PMSX003A+PMSX003B,87,10,23.86,850.17,0.01,29696,31,417,2.52,3.18,3.32,2.52,3.18,3.32,608.32,182.61,14.50,1.05,0.25,0.00,2.66,3.50,3.50,2.66,3.50,3.50,568.66,178.11,23.00,0.39,0.54,0.00
2018/10/22T21:58:36z,68:c6:3a:89:1d:5b,2.50i,2.0+OPENLOG+15962 MB+DS3231+BME280+PMSX003A+PMSX003B,87,10,23.86,850.24,0.01,30128,31,497,2.34,2.80,3.00,2.34,2.80,3.00,531.14,163.91,17.77,0.61,0.36,0.00,2.97,3.70,3.76,2.97,3.70,3.76,573.57,179.49,18.14,1.05,0.05,0.00
2018/10/22T21:59:56z,68:c6:3a:89:1d:5b,2.50i,2.0+OPENLOG+15962 MB+DS3231+BME280+PMSX003A+PMSX003B,86,10,23.10,850.23,0.01,30128,31,577,2.00,2.98,2.98,2.00,2.98,2.98,533.05,160.50,16.64,0.77,0.36,0.00,2.19,2.73,2.81,2.19,2.73,2.81,512.51,156.16,17.35,0.41,0.08,0.00
2018/10/22T22:01:16z,68:c6:3a:89:1d:5b,2.50i,2.0+OPENLOG+15962 MB+DS3231+BME280+PMSX003A+PMSX003B,86,10,23.10,850.29,0.01,29696,31,657,1.75,2.86,2.86,1.75,2.86,2.86,516.61,154.70,16.57,1.41,0.36,0.00,2.46,3.14,3.14,2.46,3.14,3.14,547.78,168.32,15.89,0.43,0.08,0.00
2018/10/22T22:02:36z,68:c6:3a:89:1d:5b,2.50i,2.0+OPENLOG+15962 MB+DS3231+BME280+PMSX003A+PMSX003B,86,10,23.10,850.26,0.01,29696,31,737,2.23,3.16,3.16,2.23,3.16,3.16,563.18,176.30,16.32,0.95,0.36,0.00,2.66,3.84,4.21,2.66,3.84,4.21,592.34,184.47,20.87,2.34,0.74,0.00
2018/10/22T22:03:56z,68:c6:3a:89:1d:5b,2.50i,2.0+OPENLOG+15962 MB+DS3231+BME280+PMSX003A+PMSX003B,86,10,23.10,850.21,0.01,30128,31,817,2.80,3.70,3.70,2.80,3.70,3.70,649.16,196.14,21.59,0.50,0.36,0.00,3.03,4.19,4.19,3.03,4.19,4.19,616.58,190.33,21.11,2.31,0.74,0.00
2018/10/22T22:05:16z,68:c6:3a:89:1d:5b,2.50i,2.0+OPENLOG+15962 MB+DS3231+BME280+PMSX003A+PMSX003B,86,10,23.10,850.20,0.01,30128,31,897,3.05,4.11,4.23,3.05,4.11,4.23,646.91,197.64,25.05,0.95,0.25,0.00,3.56,4.79,4.79,3.56,4.79,4.79,768.08,241.56,27.54,1.38,0.74,0.00
2018/10/22T22:06:36z,68:c6:3a:89:1d:5b,2.50i,2.0+OPENLOG+15962 MB+DS3231+BME280+PMSX003A+PMSX003B,85,10,22.34,850.27,0.01,29848,31,977,4.16,5.25,5.45,4.16,5.25,5.45,837.00,246.66,27.30,1.57,0.30,0.00,4.57,5.49,5.49,4.57,5.49,5.49,850.78,268.30,28.05,0.38,0.74,0.00
2018/10/22T22:07:56z,68:c6:3a:89:1d:5b,2.50i,2.0+OPENLOG+15962 MB+DS3231+BME280+PMSX003A+PMSX003B,85,10,22.34,850.25,0.01,29592,31,1057,4.70,6.02,6.23,4.70,6.02,6.23,905.93,276.40,34.98,0.49,0.23,0.23,4.46,5.62,5.76,4.46,5.62,5.76,820.78,249.22,32.11,1.16,0.30,0.00
2018/10/22T22:09:16z,68:c6:3a:89:1d:5b,2.50i,2.0+OPENLOG+15962 MB+DS3231+BME280+PMSX003A+PMSX003B,85,10,22.34,850.18,0.01,30128,31,1137,4.41,5.80,5.91,4.41,5.80,5.91,861.55,265.91,28.27,3.34,0.25,0.23,4.82,6.26,6.39,4.82,6.26,6.39,913.03,283.21,31.92,1.61,0.50,0.00
2018/10/22T22:10:36z,68:c6:3a:89:1d:5b,2.50i,2.0+OPENLOG+15962 MB+DS3231+BME280+PMSX003A+PMSX003B,84,11,23.84,850.25,0.01,30128,31,1217,4.50,5.82,6.02,4.50,5.82,6.02,825.07,253.41,32.36,2.02,0.32,0.23,4.64,5.61,5.64,4.64,5.61,5.64,839.83,264.33,25.06,0.72,0.08,0.00
2018/10/22T22:11:56z,68:c6:3a:89:1d:5b,2.50i,2.0+OPENLOG+15962 MB+DS3231+BME280+PMSX003A+PMSX003B,85,11,24.61,850.23,0.01,29640,31,1297,4.84,6.43,6.57,4.84,6.43,6.57,903.68,274.89,43.52,1.11,0.16,0.23,4.24,5.39,5.39,4.24,5.39,5.39,906.47,276.16,26.42,0.29,0.29,0.00
2018/10/22T22:13:16z,68:c6:3a:89:1d:5b,2.50i,2.0+OPENLOG+15962 MB+DS3231+BME280+PMSX003A+PMSX003B,85,11,24.61,850.27,0.01,29592,31,1377,4.59,5.61,5.91,4.59,5.61,5.91,869.54,266.89,28.24,1.07,0.30,0.30,4.32,5.79,5.79,4.32,5.79,5.79,824.61,255.45,29.47,1.05,0.29,0.00
2018/10/22T22:14:36z,68:c6:3a:89:1d:5b,2.50i,2.0+OPENLOG+15962 MB+DS3231+BME280+PMSX003A+PMSX003B,85,11,24.61,850.17,0.01,30128,31,1457,4.50,5.50,5.50,4.50,5.50,5.50,845.48,253.65,28.85,0.65,0.30,0.30,4.19,5.31,5.31,4.19,5.31,5.31,825.33,258.11,23.17,1.05,0.29,0.00
2018/10/22T22:15:56z,68:c6:3a:89:1d:5b,2.50i,2.0+OPENLOG+15962 MB+DS3231+BME280+PMSX003A+PMSX003B,85,11,24.61,850.25,0.01,30128,31,1537,3.67,4.89,4.89,3.67,4.89,4.89,751.07,228.71,26.11,1.00,0.30,0.30,3.92,5.24,5.24,3.92,5.24,5.24,790.42,242.53,25.95,0.76,0.29,0.00
2018/10/22T22:17:16z,68:c6:3a:89:1d:5b,2.50i,2.0+OPENLOG+15962 MB+DS3231+BME280+PMSX003A+PMSX003B,85,11,24.61,850.25,0.01,30128,31,1617,3.72,5.09,5.23,3.72,5.09,5.23,802.15,242.45,30.98,1.43,0.26,0.30,4.27,5.19,5.19,4.27,5.19,5.19,827.76,263.78,27.78,0.05,0.29,0.00
2018/10/22T22:18:36z,68:c6:3a:89:1d:5b,2.50i,2.0+OPENLOG+15962 MB+DS3231+BME280+PMSX003A+PMSX003B,85,11,24.61,850.29,0.01,29696,31,1697,4.00,5.19,5.69,4.00,5.19,5.69,810.50,247.17,29.40,1.10,0.79,0.40,3.86,5.42,5.42,3.86,5.42,5.42,853.50,260.53,31.06,2.22,0.29,0.00
2018/10/22T22:19:56z,68:c6:3a:89:1d:5b,2.50i,2.0+OPENLOG+15962 MB+DS3231+BME280+PMSX003A+PMSX003B,84,11,23.84,850.28,0.01,29696,31,1777,3.83,5.02,5.63,3.83,5.02,5.63,834.46,250.02,30.15,1.13,0.67,0.67,4.97,5.89,5.89,4.97,5.89,5.89,873.71,273.45,23.66,2.22,0.29,0.00
2018/10/22T22:21:16z,68:c6:3a:89:1d:5b,2.50i,2.0+OPENLOG+15962 MB+DS3231+BME280+PMSX003A+PMSX003B,84,11,23.84,850.31,0.01,30128,31,1857,4.87,6.26,6.41,4.87,6.26,6.41,880.04,269.54,31.28,1.22,0.15,0.15,4.13,4.84,4.84,4.13,4.84,4.84,842.76,263.79,24.13,0.13,0.29,0.00
2018/10/22T22:22:36z,68:c6:3a:89:1d:5b,2.50i,2.0+OPENLOG+15962 MB+DS3231+BME280+PMSX003A+PMSX003B,85,11,24.61,850.27,0.01,30128,31,1937,4.54,5.50,5.74,4.54,5.50,5.74,851.48,262.22,29.91,0.87,0.57,0.15,3.53,4.17,4.17,3.53,4.17,4.17,707.58,220.69,19.83,1.39,0.29,0.00
2018/10/22T22:23:56z,68:c6:3a:89:1d:5b,2.50i,2.0+OPENLOG+15962 MB+DS3231+BME280+PMSX003A+PMSX003B,85,11,24.61,850.25,0.01,29384,31,2017,4.00,5.13,5.30,4.00,5.13,5.30,762.06,234.36,25.32,0.77,0.26,0.15,3.95,5.11,5.26,3.95,5.11,5.26,773.84,234.89,28.45,0.84,0.29,0.00
2018/10/22T22:25:16z,68:c6:3a:89:1d:5b,2.50i,2.0+OPENLOG+15962 MB+DS3231+BME280+PMSX003A+PMSX003B,85,11,24.61,850.26,0.01,29696,31,2097,4.23,5.36,5.47,4.23,5.36,5.47,824.30,247.77,26.60,2.30,0.23,0.15,3.82,4.82,4.82,3.82,4.82,4.82,757.18,232.05,27.05,0.32,0.29,0.00
2018/10/22T22:26:36z,68:c6:3a:89:1d:5b,2.50i,2.0+OPENLOG+15962 MB+DS3231+BME280+PMSX003A+PMSX003B,85,11,24.61,850.34,0.01,30128,31,2177,4.89,6.24,6.30,4.89,6.24,6.30,925.11,282.93,33.28,2.13,0.15,0.15,5.31,6.83,7.08,5.31,6.83,7.08,988.83,308.94,34.31,1.61,0.50,0.00
2018/10/22T22:27:56z,68:c6:3a:89:1d:5b,2.50i,2.0+OPENLOG+15962 MB+DS3231+BME280+PMSX003A+PMSX003B,85,11,24.61,850.36,0.01,30128,31,2257,4.13,5.09,5.43,4.13,5.09,5.43,808.53,248.64,22.91,1.43,0.70,0.15,4.08,5.29,5.29,4.08,5.29,5.29,777.16,240.68,23.53,0.68,0.50,0.00
2018/10/22T22:29:40z,68:c6:3a:89:1d:5b,2.50i,2.0+OPENLOG+15962 MB+DS3231+BME280+PMSX003A+PMSX003B,84,11,23.84,850.36,0.01,29672,31,24,3.00,3.00,3.00,3.00,3.00,3.00,0.00,0.00,0.00,0.00,0.00,0.00,2.50,3.00,3.00,2.50,3.00,3.00,0.00,0.00,0.00,0.00,0.00,0.00
2018/10/22T22:30:53z,68:c6:3a:89:1d:5b,2.50i,2.0+OPENLOG+15962 MB+DS3231+BME280+PMSX003A+PMSX003B,85,11,24.61,850.33,0.01,30128,31,97,3.29,4.85,4.85,3.29,4.85,4.85,771.00,231.49,30.93,1.39,0.00,0.00,3.26,3.94,4.11,3.26,3.94,4.11,753.17,224.66,18.74,1.60,0.26,0.00
2018/10/22T22:32:13z,68:c6:3a:89:1d:5b,2.50i,2.0+OPENLOG+15962 MB+DS3231+BME280+PMSX003A+PMSX003B,84,11,23.84,850.37,0.01,30128,31,177,3.50,4.52,4.75,3.50,4.52,4.75,721.43,218.52,25.57,2.27,0.25,0.00,4.26,5.42,5.84,4.26,5.42,5.84,817.18,251.97,28.21,1.26,0.97,0.08
2018/10/22T22:33:33z,68:c6:3a:89:1d:5b,2.50i,2.0+OPENLOG+15962 MB+DS3231+BME280+PMSX003A+PMSX003B,84,11,23.84,850.41,0.01,30128,31,257,3.93,5.11,5.17,3.93,5.11,5.17,736.37,220.74,24.33,1.87,0.26,0.00,3.35,4.65,4.89,3.35,4.65,4.89,727.86,228.41,23.08,1.97,0.41,0.08
2018/10/22T22:34:53z,68:c6:3a:89:1d:5b,2.50i,2.0+OPENLOG+15962 MB+DS3231+BME280+PMSX003A+PMSX003B,84,11,23.84,850.33,0.01,29696,31,337,3.45,4.48,4.48,3.45,4.48,4.48,787.23,236.30,19.57,0.86,0.26,0.00,4.19,5.49,5.49,4.19,5.49,5.49,803.92,252.05,27.65,1.11,0.41,0.08
2018/10/22T22:36:14z,68:c6:3a:89:1d:5b,2.50i,2.0+OPENLOG+15962 MB+DS3231+BME280+PMSX003A+PMSX003B,84,11,23.84,850.39,0.01,29696,31,417,3.07,3.93,4.00,3.07,3.93,4.00,689.09,211.09,19.41,0.72,0.26,0.00,3.55,4.39,4.63,3.55,4.39,4.63,725.45,216.66,23.61,0.63,0.32,0.08
2018/10/22T22:37:34z,68:c6:3a:89:1d:5b,2.50i,2.0+OPENLOG+15962 MB+DS3231+BME280+PMSX003A+PMSX003B,84,11,23.84,850.42,0.01,30128,31,497,2.46,3.22,3.22,2.46,3.22,3.22,631.70,186.50,17.78,0.76,0.26,0.00,3.38,5.00,5.49,3.38,5.00,5.49,728.76,219.43,31.95,2.16,0.89,0.08
2018/10/22T22:38:54z,68:c6:3a:89:1d:5b,2.50i,2.0+OPENLOG+15962 MB+DS3231+BME280+PMSX003A+PMSX003B,84,11,23.84,850.44,0.01,30128,31,577,3.17,4.00,4.04,3.17,4.00,4.04,715.30,216.37,17.87,0.48,0.24,0.24,3.49,4.59,4.59,3.49,4.59,4.59,664.54,211.51,27.97,1.03,0.89,0.08
2018/10/22T22:40:14z,68:c6:3a:89:1d:5b,2.50i,2.0+OPENLOG+15962 MB+DS3231+BME280+PMSX003A+PMSX003B,84,11,23.84,850.47,0.01,29696,31,657,3.77,5.15,5.38,3.77,5.15,5.38,718.21,217.83,35.04,1.77,0.43,0.24,3.58,4.08,4.32,3.58,4.08,4.32,664.82,203.37,17.66,0.74,0.37,0.08
2018/10/22T22:41:34z,68:c6:3a:89:1d:5b,2.50i,2.0+OPENLOG+15962 MB+DS3231+BME280+PMSX003A+PMSX003B,84,11,23.84,850.40,0.01,29392,31,737,3.21,4.68,4.79,3.21,4.68,4.79,693.89,212.64,23.04,2.77,0.23,0.24,3.82,4.61,4.84,3.82,4.61,4.84,688.58,216.89,24.13,0.74,0.37,0.08
2018/10/22T22:42:54z,68:c6:3a:89:1d:5b,2.50i,2.0+OPENLOG+15962 MB+DS3231+BME280+PMSX003A+PMSX003B,84,11,23.84,850.51,0.01,30128,31,817,3.19,4.32,4.62,3.19,4.32,4.62,669.45,205.38,25.17,0.83,0.30,0.24,3.31,4.06,4.31,3.31,4.06,4.31,668.00,203.64,20.17,0.64,0.64,0.08
2018/10/22T22:44:14z,68:c6:3a:89:1d:5b,2.50i,2.0+OPENLOG+15962 MB+DS3231+BME280+PMSX003A+PMSX003B,84,11,23.84,850.52,0.01,30128,31,897,2.83,3.54,3.54,2.83,3.54,3.54,643.17,195.70,19.11,0.13,0.30,0.24,3.05,3.92,4.15,3.05,3.92,4.15,630.08,195.05,28.44,0.92,0.44,0.08
2018/10/22T22:45:34z,68:c6:3a:89:1d:5b,2.50i,2.0+OPENLOG+15962 MB+DS3231+BME280+PMSX003A+PMSX003B,83,12,25.16,850.43,0.01,29384,31,977,3.26,4.20,4.26,3.26,4.20,4.26,682.50,206.28,21.80,0.93,0.28,0.24,2.81,4.05,4.54,2.81,4.05,4.54,588.73,182.41,29.05,0.89,0.81,0.08
2018/10/22T22:46:54z,68:c6:3a:89:1d:5b,2.50i,2.0+OPENLOG+15962 MB+DS3231+BME280+PMSX003A+PMSX003B,83,12,25.16,850.49,0.01,29696,31,1057,2.61,3.65,4.13,2.61,3.65,4.13,577.76,180.04,25.07,1.09,0.67,0.67,2.84,3.84,3.84,2.84,3.84,3.84,593.35,181.84,19.41,0.89,0.81,0.08
2018/10/22T22:48:14z,68:c6:3a:89:1d:5b,2.50i,2.0+OPENLOG+15962 MB+DS3231+BME280+PMSX003A+PMSX003B,83,12,25.16,850.50,0.01,30128,31,1137,2.62,3.55,3.55,2.62,3.55,3.55,576.13,179.04,25.11,0.81,0.67,0.67,2.71,3.29,3.29,2.71,3.29,3.29,574.34,178.79,15.39,0.42,0.81,0.08
2018/10/22T22:49:34z,68:c6:3a:89:1d:5b,2.50i,2.0+OPENLOG+15962 MB+DS3231+BME280+PMSX003A+PMSX003B,83,12,25.16,850.53,0.01,30128,31,1217,2.61,3.74,3.74,2.61,3.74,3.74,564.85,171.83,20.61,1.17,0.67,0.67,2.26,3.13,3.37,2.26,3.13,3.37,541.42,167.39,18.05,0.66,0.55,0.21
2018/10/22T22:50:54z,68:c6:3a:89:1d:5b,2.50i,2.0+OPENLOG+15962 MB+DS3231+BME280+PMSX003A+PMSX003B,83,12,25.16,850.52,0.01,29456,31,1297,2.72,3.70,3.76,2.72,3.70,3.76,601.11,177.72,21.52,0.93,0.39,0.67,2.43,3.38,3.73,2.43,3.38,3.73,626.84,196.97,24.27,1.14,0.35,0.05
2018/10/22T22:52:14z,68:c6:3a:89:1d:5b,2.50i,2.0+OPENLOG+15962 MB+DS3231+BME280+PMSX003A+PMSX003B,83,12,25.16,850.48,0.01,29696,31,1377,3.33,4.33,4.33,3.33,4.33,4.33,678.13,203.02,23.43,1.96,0.39,0.67,3.16,4.32,4.58,3.16,4.32,4.58,672.32,207.05,22.58,1.24,0.47,0.05
2018/10/22T22:53:34z,68:c6:3a:89:1d:5b,2.50i,2.0+OPENLOG+15962 MB+DS3231+BME280+PMSX003A+PMSX003B,83,12,25.16,850.54,0.01,30128,31,1457,3.72,4.67,5.00,3.72,4.67,5.00,733.70,220.46,24.02,1.35,0.52,0.26,3.55,4.74,4.82,3.55,4.74,4.82,711.95,221.79,25.39,0.11,0.11,0.05
2018/10/22T22:54:54z,68:c6:3a:89:1d:5b,2.50i,2.0+OPENLOG+15962 MB+DS3231+BME280+PMSX003A+PMSX003B,82,13,26.31,850.51,0.01,30128,31,1537,3.57,4.49,4.49,3.57,4.49,4.49,743.04,224.04,24.64,1.51,0.52,0.26,3.72,4.69,4.69,3.72,4.69,4.69,703.67,220.33,29.06,0.42,0.08,0.05
2018/10/22T22:56:14z,68:c6:3a:89:1d:5b,2.50i,2.0+OPENLOG+15962 MB+DS3231+BME280+PMSX003A+PMSX003B,82,13,26.31,850.41,0.01,30128,31,1617,4.59,5.65,5.65,4.59,5.65,5.65,852.07,256.02,29.78,1.15,0.52,0.26,3.89,5.47,5.47,3.89,5.47,5.47,814.11,257.71,31.50,1.21,0.16,0.05
2018/10/22T22:57:34z,68:c6:3a:89:1d:5b,2.50i,2.0+OPENLOG+15962 MB+DS3231+BME280+PMSX003A+PMSX003B,82,13,26.31,850.56,0.01,29696,31,1697,3.60,4.64,5.09,3.60,4.64,5.09,719.68,223.57,25.55,2.66,0.72,0.26,3.46,4.27,4.38,3.46,4.27,4.38,743.35,229.35,22.43,1.46,0.54,0.05
2018/10/22T22:58:54z,68:c6:3a:89:1d:5b,2.50i,2.0+OPENLOG+15962 MB+DS3231+BME280+PMSX003A+PMSX003B,82,13,26.31,850.53,0.01,29696,31,1777,3.57,4.52,4.76,3.57,4.52,4.76,718.89,216.87,24.52,1.37,0.67,0.26,4.06,5.42,5.47,4.06,5.42,5.47,806.42,253.56,28.78,0.58,0.19,0.05
2018/10/22T23:00:14z,68:c6:3a:89:1d:5b,2.50i,2.0+OPENLOG+15962 MB+DS3231+BME280+PMSX003A+PMSX003B,82,13,26.31,850.51,0.01,30128,31,1857,3.78,5.04,5.18,3.78,5.04,5.18,753.93,225.27,24.93,2.02,0.29,0.26,4.00,5.16,5.16,4.00,5.16,5.16,794.13,243.97,24.50,0.58,0.19,0.05
2018/10/22T23:01:34z,68:c6:3a:89:1d:5b,2.50i,2.0+OPENLOG+15962 MB+DS3231+BME280+PMSX003A+PMSX003B,82,13,26.31,850.53,0.01,30128,31,1937,3.43,4.70,4.94,3.43,4.70,4.94,760.34,219.55,29.87,0.91,0.23,0.26,4.19,5.19,5.19,4.19,5.19,5.19,791.25,245.86,23.17,1.92,0.19,0.05
2018/10/22T23:02:54z,68:c6:3a:89:1d:5b,2.50i,2.0+OPENLOG+15962 MB+DS3231+BME280+PMSX003A+PMSX003B,82,13,26.31,850.53,0.01,29696,31,2017,3.60,5.28,5.47,3.60,5.28,5.47,755.23,223.87,29.62,2.28,0.38,0.26,4.39,5.19,5.19,4.39,5.19,5.19,817.25,251.81,27.17,0.50,0.19,0.05
2018/10/22T23:04:14z,68:c6:3a:89:1d:5b,2.50i,2.0+OPENLOG+15962 MB+DS3231+BME280+PMSX003A+PMSX003B,82,13,26.31,850.53,0.01,29696,31,2097,3.51,4.21,4.34,3.51,4.21,4.34,742.21,226.06,23.19,0.85,0.28,0.26,3.89,4.80,4.86,3.89,4.80,4.86,791.40,239.34,25.29,0.40,0.23,0.05
2018/10/22T23:05:34z,68:c6:3a:89:1d:5b,2.50i,2.0+OPENLOG+15962 MB+DS3231+BME280+PMSX003A+PMSX003B,81,13,25.52,850.56,0.01,30128,31,2177,3.80,5.37,5.50,3.80,5.37,5.50,795.52,242.52,28.70,1.33,0.35,0.26,3.91,5.00,5.00,3.91,5.00,5.00,724.71,220.91,29.43,0.69,0.06,0.05
2018/10/22T23:06:54z,68:c6:3a:89:1d:5b,2.50i,2.0+OPENLOG+15962 MB+DS3231+BME280+PMSX003A+PMSX003B,81,13,25.52,850.59,0.02,30128,31,2257,4.17,5.39,5.72,4.17,5.39,5.72,789.91,238.96,31.13,1.37,0.35,0.35,4.00,5.17,5.34,4.00,5.17,5.34,836.23,259.11,33.66,0.91,0.37,0.05
2018/10/22T23:08:37z,68:c6:3a:89:1d:5b,2.50i,2.0+OPENLOG+15962 MB+DS3231+BME280+PMSX003A+PMSX003B,81,13,25.52,850.63,0.01,29672,31,23,6.00,6.00,6.00,6.00,6.00,6.00,0.00,0.00,0.00,0.00,0.00,0.00,2.00,2.00,2.00,2.00,2.00,2.00,0.00,0.00,0.00,0.00,0.00,0.00
2018/10/22T23:09:51z,68:c6:3a:89:1d:5b,2.50i,2.0+OPENLOG+15962 MB+DS3231+BME280+PMSX003A+PMSX003B,81,13,25.52,850.62,0.01,30128,31,97,3.12,4.14,4.48,3.12,4.14,4.48,646.21,195.26,29.88,1.50,0.38,0.26,3.70,4.45,4.64,3.70,4.45,4.64,712.82,221.45,23.09,0.88,0.33,0.00
2018/10/22T23:11:11z,68:c6:3a:89:1d:5b,2.50i,2.0+OPENLOG+15962 MB+DS3231+BME280+PMSX003A+PMSX003B,81,14,27.31,850.67,0.02,30128,31,177,3.69,4.58,4.58,3.69,4.58,4.58,780.20,236.16,23.89,0.40,0.38,0.26,3.46,4.59,4.95,3.46,4.59,4.95,695.35,221.76,31.97,1.22,0.92,0.00
2018/10/22T23:12:31z,68:c6:3a:89:1d:5b,2.50i,2.0+OPENLOG+15962 MB+DS3231+BME280+PMSX003A+PMSX003B,80,14,26.52,850.65,0.02,30128,31,257,3.72,4.52,5.00,3.72,4.52,5.00,748.70,222.67,22.43,2.93,0.83,0.04,2.97,4.50,5.14,2.97,4.50,5.14,712.33,216.06,32.89,1.00,1.00,0.00
2018/10/22T23:13:51z,68:c6:3a:89:1d:5b,2.50i,2.0+OPENLOG+15962 MB+DS3231+BME280+PMSX003A+PMSX003B,80,14,26.52,850.65,0.01,29592,31,337,3.85,4.85,5.70,3.85,4.85,5.70,756.26,228.53,28.40,1.68,1.32,0.81,4.28,5.28,5.67,4.28,5.28,5.67,829.67,254.72,31.78,0.72,0.72,0.39
2018/10/22T23:15:11z,68:c6:3a:89:1d:5b,2.50i,2.0+OPENLOG+15962 MB+DS3231+BME280+PMSX003A+PMSX003B,80,14,26.52,850.65,0.01,30128,31,417,3.89,5.26,5.26,3.89,5.26,5.26,796.79,245.72,34.43,0.72,1.32,0.81,4.26,5.09,5.31,4.26,5.09,5.31,788.74,244.06,22.29,1.29,0.43,0.39
2018/10/22T23:16:31z,68:c6:3a:89:1d:5b,2.50i,2.0+OPENLOG+15962 MB+DS3231+BME280+PMSX003A+PMSX003B,80,14,26.52,850.68,0.02,30128,31,497,3.91,5.50,6.15,3.91,5.50,6.15,806.02,246.37,33.80,1.20,0.78,0.39,3.61,5.47,5.47,3.61,5.47,5.47,820.66,254.68,33.45,1.24,0.43,0.39
2018/10/22T23:17:51z,68:c6:3a:89:1d:5b,2.50i,2.0+OPENLOG+15962 MB+DS3231+BME280+PMSX003A+PMSX003B,80,14,26.52,850.68,0.01,30128,31,577,3.30,4.26,4.87,3.30,4.26,4.87,673.17,204.76,23.98,1.67,0.98,0.37,3.44,5.08,5.72,3.44,5.08,5.72,798.50,251.11,33.67,1.22,0.81,0.50
2018/10/22T23:19:11z,68:c6:3a:89:1d:5b,2.50i,2.0+OPENLOG+15962 MB+DS3231+BME280+PMSX003A+PMSX003B,79,14,25.73,850.01,0.01,29696,31,657,3.37,5.13,5.26,3.37,5.13,5.26,727.76,219.30,34.59,1.72,0.98,0.37,3.74,5.53,6.55,3.74,5.53,6.55,739.89,230.47,40.00,3.45,1.39,0.34
2018/10/22T23:20:31z,68:c6:3a:89:1d:5b,2.50i,2.0+OPENLOG+15962 MB+DS3231+BME280+PMSX003A+PMSX003B,79,14,25.73,850.05,0.02,29672,31,737,4.34,5.74,5.74,4.34,5.74,5.74,869.04,261.45,35.81,1.13,0.98,0.37,4.66,5.79,6.03,4.66,5.79,6.03,835.34,258.29,33.47,0.76,0.47,0.34
2018/10/22T23:21:51z,68:c6:3a:89:1d:5b,2.50i,2.0+OPENLOG+15962 MB+DS3231+BME280+PMSX003A+PMSX003B,79,14,25.73,850.65,0.01,30128,31,817,4.57,6.36,6.79,4.57,6.36,6.79,850.72,263.98,41.36,2.28,0.66,0.37,4.16,6.00,6.00,4.16,6.00,6.00,816.89,257.05,33.19,1.05,0.47,0.34
2018/10/22T23:23:11z,68:c6:3a:89:1d:5b,2.50i,2.0+OPENLOG+15962 MB+DS3231+BME280+PMSX003A+PMSX003B,80,14,26.52,850.75,0.01,30128,31,897,4.98,6.89,7.37,4.98,6.89,7.37,903.33,278.70,46.93,2.33,0.52,0.41,5.10,6.05,6.69,5.10,6.05,6.69,902.00,279.56,38.36,1.46,0.97,0.34
2018/10/22T23:24:31z,68:c6:3a:89:1d:5b,2.50i,2.0+OPENLOG+15962 MB+DS3231+BME280+PMSX003A+PMSX003B,79,15,27.40,850.76,0.02,29696,31,977,4.09,6.17,6.48,4.09,6.17,6.48,829.57,254.61,40.87,2.00,0.57,0.41,4.71,6.00,6.74,4.71,6.00,6.74,835.42,262.63,30.97,0.97,0.97,0.34
2018/10/22T23:25:51z,68:c6:3a:89:1d:5b,2.50i,2.0+OPENLOG+15962 MB+DS3231+BME280+PMSX003A+PMSX003B,79,15,27.40,850.68,0.02,29696,31,1057,4.87,6.76,6.76,4.87,6.76,6.76,939.52,288.26,45.87,1.13,0.57,0.41,4.95,6.32,6.32,4.95,6.32,6.32,878.27,278.81,33.46,1.76,0.97,0.34
2018/10/22T23:27:11z,68:c6:3a:89:1d:5b,2.50i,2.0+OPENLOG+15962 MB+DS3231+BME280+PMSX003A+PMSX003B,79,15,27.40,850.77,0.01,30128,31,1137,4.53,6.15,6.53,4.53,6.15,6.53,883.53,271.38,41.21,2.32,0.87,0.23,4.97,7.16,7.24,4.97,7.16,7.24,896.21,279.26,38.32,4.13,0.97,0.34
2018/10/22T23:28:31z,68:c6:3a:89:1d:5b,2.50i,2.0+OPENLOG+15962 MB+DS3231+BME280+PMSX003A+PMSX003B,79,15,27.40,850.74,0.02,30128,31,1217,4.38,5.68,5.91,4.38,5.68,5.91,878.74,260.36,33.60,2.11,0.30,0.23,4.43,6.03,6.03,4.43,6.03,6.03,819.08,259.14,30.65,1.51,0.97,0.34
2018/10/22T23:29:51z,68:c6:3a:89:1d:5b,2.50i,2.0+OPENLOG+15962 MB+DS3231+BME280+PMSX003A+PMSX003B,79,15,27.40,850.79,0.02,29848,31,1297,3.62,4.82,5.36,3.62,4.82,5.36,805.20,245.67,30.02,1.96,0.96,0.23,3.86,5.24,5.43,3.86,5.24,5.43,797.68,247.46,24.59,0.78,0.30,0.34
2018/10/22T23:31:11z,68:c6:3a:89:1d:5b,2.50i,2.0+OPENLOG+15962 MB+DS3231+BME280+PMSX003A+PMSX003B,79,15,27.40,850.83,0.02,29592,31,1377,4.58,6.16,6.20,4.58,6.16,6.20,854.07,261.40,37.84,0.91,0.18,0.23,4.37,5.66,5.97,4.37,5.66,5.97,847.58,264.21,40.82,1.11,0.66,0.34
2018/10/22T23:32:31z,68:c6:3a:89:1d:5b,2.50i,2.0+OPENLOG+15962 MB+DS3231+BME280+PMSX003A+PMSX003B,79,15,27.40,850.80,0.02,30128,31,1457,5.17,6.79,7.83,5.17,6.79,7.83,899.94,276.11,46.19,3.06,1.79,0.36,4.38,5.89,5.89,4.38,5.89,5.89,803.03,256.54,29.92,1.08,0.66,0.34
2018/10/22T23:33:51z,68:c6:3a:89:1d:5b,2.50i,2.0+OPENLOG+15962 MB+DS3231+BME280+PMSX003A+PMSX003B,79,15,27.40,850.79,0.02,30128,31,1537,4.51,6.62,7.91,4.51,6.62,7.91,882.19,276.21,37.49,4.09,2.17,0.66,4.50,5.79,6.08,4.50,5.79,6.08,865.66,271.61,28.76,0.76,0.47,0.34
2018/10/22T23:35:11z,68:c6:3a:89:1d:5b,2.50i,2.0+OPENLOG+15962 MB+DS3231+BME280+PMSX003A+PMSX003B,79,15,27.40,850.72,0.02,30128,31,1617,3.80,5.52,6.17,3.80,5.52,6.17,800.35,243.98,28.07,2.65,0.80,0.41,3.81,5.65,5.81,3.81,5.65,5.81,830.43,255.65,36.00,1.27,0.35,0.34
2018/10/22T23:36:31z,68:c6:3a:89:1d:5b,2.50i,2.0+OPENLOG+15962 MB+DS3231+BME280+PMSX003A+PMSX003B,79,15,27.40,850.73,0.02,29696,31,1697,4.22,5.63,5.63,4.22,5.63,5.63,801.33,245.57,32.96,1.17,0.80,0.41,3.94,6.08,6.22,3.94,6.08,6.22,821.67,251.06,41.64,1.22,0.31,0.34
2018/10/22T23:37:51z,68:c6:3a:89:1d:5b,2.50i,2.0+OPENLOG+15962 MB+DS3231+BME280+PMSX003A+PMSX003B,79,15,27.40,850.84,0.02,29672,31,1777,3.74,5.41,5.41,3.74,5.41,5.41,768.91,231.59,40.93,1.07,0.80,0.41,3.95,5.27,5.35,3.95,5.27,5.35,765.24,236.54,24.62,1.41,0.46,0.34
2018/10/22T23:39:11z,68:c6:3a:89:1d:5b,2.50i,2.0+OPENLOG+15962 MB+DS3231+BME280+PMSX003A+PMSX003B,78,15,26.60,850.75,0.02,30128,31,1857,3.53,5.45,5.45,3.53,5.45,5.45,786.70,237.49,42.91,2.09,0.80,0.41,4.32,6.26,6.63,4.32,6.26,6.63,838.03,256.68,42.53,3.32,0.45,0.34
2018/10/22T23:40:31z,68:c6:3a:89:1d:5b,2.50i,2.0+OPENLOG+15962 MB+DS3231+BME280+PMSX003A+PMSX003B,78,15,26.60,850.78,0.02,30128,31,1937,4.53,5.77,5.79,4.53,5.77,5.79,912.19,271.28,31.64,1.32,0.02,0.41,4.78,6.97,7.50,4.78,6.97,7.50,878.25,271.81,44.28,3.19,0.61,0.34
2018/10/22T23:41:51z,68:c6:3a:89:1d:5b,2.50i,2.0+OPENLOG+15962 MB+DS3231+BME280+PMSX003A+PMSX003B,78,16,28.17,850.87,0.01,29384,31,2017,4.00,6.04,6.31,4.00,6.04,6.31,830.40,253.27,37.96,2.80,0.80,0.41,4.08,5.44,5.44,4.08,5.44,5.44,780.15,238.95,27.21,0.79,0.61,0.34
2018/10/22T23:43:11z,68:c6:3a:89:1d:5b,2.50i,2.0+OPENLOG+15962 MB+DS3231+BME280+PMSX003A+PMSX003B,78,16,28.17,850.91,0.02,29512,31,2097,4.53,5.87,6.00,4.53,5.87,6.00,852.73,260.84,34.47,1.73,0.13,0.41,4.43,6.51,6.89,4.43,6.51,6.89,838.54,259.03,42.65,1.32,0.76,0.34
2018/10/22T23:44:31z,68:c6:3a:89:1d:5b,2.50i,2.0+OPENLOG+15962 MB+DS3231+BME280+PMSX003A+PMSX003B,78,16,28.17,850.85,0.02,30128,31,2177,4.49,6.38,6.85,4.49,6.38,6.85,884.23,268.89,38.51,1.28,0.87,0.26,4.62,6.32,6.32,4.62,6.32,6.32,832.22,260.24,34.32,1.97,0.76,0.34
2018/10/22T23:45:51z,68:c6:3a:89:1d:5b,2.50i,2.0+OPENLOG+15962 MB+DS3231+BME280+PMSX003A+PMSX003B,78,16,28.17,850.87,0.02,29944,31,2257,4.40,6.40,7.30,4.40,6.40,7.30,879.13,269.49,42.47,3.28,1.23,0.68,5.11,6.84,7.05,5.11,6.84,7.05,922.50,290.71,36.47,1.34,0.32,0.34
2018/10/22T23:47:35z,68:c6:3a:89:1d:5b,2.50i,2.0+OPENLOG+15962 MB+DS3231+BME280+PMSX003A+PMSX003B,78,16,28.17,850.90,0.01,29672,31,23,3.00,3.00,3.00,3.00,3.00,3.00,0.00,0.00,0.00,0.00,0.00,0.00,4.50,4.50,4.50,4.50,4.50,4.50,0.00,0.00,0.00,0.00,0.00,0.00
2018/10/22T23:48:49z,68:c6:3a:89:1d:5b,2.50i,2.0+OPENLOG+15962 MB+DS3231+BME280+PMSX003A+PMSX003B,77,16,27.37,850.90,0.01,30128,31,97,2.93,4.44,4.51,2.93,4.44,4.51,690.95,208.66,32.02,1.66,0.10,0.00,3.66,4.66,4.91,3.66,4.66,4.91,682.71,210.71,27.31,1.43,0.43,0.11
2018/10/22T23:50:09z,68:c6:3a:89:1d:5b,2.50i,2.0+OPENLOG+15962 MB+DS3231+BME280+PMSX003A+PMSX003B,77,16,27.37,850.86,0.02,30128,31,177,4.16,5.73,6.51,4.16,5.73,6.51,805.53,243.73,32.76,3.44,1.16,0.64,4.50,5.95,5.95,4.50,5.95,5.95,819.71,252.84,36.00,1.11,0.43,0.11
2018/10/22T23:51:29z,68:c6:3a:89:1d:5b,2.50i,2.0+OPENLOG+15962 MB+DS3231+BME280+PMSX003A+PMSX003B,77,16,27.37,850.88,0.02,30128,31,257,3.85,5.55,6.23,3.85,5.55,6.23,776.30,238.36,31.79,3.00,1.13,0.40,4.53,5.78,5.78,4.53,5.78,5.78,831.33,256.56,26.03,1.17,0.43,0.11
2018/10/22T23:52:49z,68:c6:3a:89:1d:5b,2.50i,2.0+OPENLOG+15962 MB+DS3231+BME280+PMSX003A+PMSX003B,78,16,28.17,851.00,0.02,29696,31,337,4.26,5.32,5.96,4.26,5.32,5.96,825.57,250.28,30.15,1.72,0.83,0.17,4.50,6.32,6.32,4.50,6.32,6.32,864.55,268.79,34.71,1.18,0.43,0.11
2018/10/22T23:54:09z,68:c6:3a:89:1d:5b,2.50i,2.0+OPENLOG+15962 MB+DS3231+BME280+PMSX003A+PMSX003B,77,16,27.37,850.95,0.02,29672,31,417,4.33,6.07,6.59,4.33,6.07,6.59,803.93,252.04,40.72,2.57,0.89,0.22,4.00,5.50,5.74,4.00,5.50,5.74,765.55,237.32,31.76,0.79,0.45,0.13
2018/10/22T23:55:29z,68:c6:3a:89:1d:5b,2.50i,2.0+OPENLOG+15962 MB+DS3231+BME280+PMSX003A+PMSX003B,77,16,27.37,850.97,0.02,30128,31,497,4.27,5.89,6.24,4.27,5.89,6.24,822.93,252.36,29.36,2.00,0.53,0.27,3.92,5.32,6.08,3.92,5.32,6.08,787.78,242.43,28.00,2.92,1.41,0.30
2018/10/22T23:56:49z,68:c6:3a:89:1d:5b,2.50i,2.0+OPENLOG+15962 MB+DS3231+BME280+PMSX003A+PMSX003B,77,17,28.84,851.02,0.01,29944,31,577,4.11,5.40,5.53,4.11,5.40,5.53,783.57,238.57,30.32,0.87,0.26,0.27,4.41,5.31,5.33,4.41,5.31,5.33,807.15,245.62,26.00,0.08,0.08,0.30
2018/10/22T23:58:09z,68:c6:3a:89:1d:5b,2.50i,2.0+OPENLOG+15962 MB+DS3231+BME280+PMSX003A+PMSX003B,77,17,28.84,851.02,0.02,29696,31,657,4.32,5.23,5.66,4.32,5.23,5.66,804.57,246.30,28.66,2.00,0.60,0.27,4.00,5.43,6.49,4.00,5.43,6.49,807.57,253.59,33.38,2.14,1.51,0.41
2018/10/22T23:59:29z,68:c6:3a:89:1d:5b,2.50i,2.0+OPENLOG+15962 MB+DS3231+BME280+PMSX003A+PMSX003B,77,17,28.84,851.06,0.02,29696,31,737,3.85,5.15,5.85,3.85,5.15,5.85,805.43,244.39,33.52,1.67,1.09,0.37,4.59,6.05,6.38,4.59,6.05,6.38,851.76,267.41,34.46,1.41,0.65,0.41
